uniprot	gene	synonyms
A0AV96	RBM47	RBM47
A0AVK6	E2F8	E2F8
A0FGR8	ESYT2	ESYT2,FAM62B,KIAA1228
A0JLT2	MED19	MED19,LCMR1
A0JNW5	UHRF1BP1L	UHRF1BP1L,KIAA0701,SHIP164
A0MZ66	SHTN1	SHTN1,KIAA1598
A1A4S6	ARHGAP10	ARHGAP10,GRAF2
A1L0T0	ILVBL	ILVBL,AHAS,HACL2
A1L170	C1orf226	C1orf226
A1L390	PLEKHG3	PLEKHG3,KIAA0599
A1X283	SH3PXD2B	SH3PXD2B,FAD49,KIAA1295,TKS4
A2A2Y4	FRMD3	FRMD3,EPB41L4O
A2AJT9	BCLAF3	BCLAF3,CXorf23
A3KN83	SBNO1	SBNO1,MOP3
A5YM69	ARHGEF35	ARHGEF35,ARHGEF5L
A6ND36	FAM83G	FAM83G,PAWS1
A6NDB9	PALM3	PALM3
A6NEL2	SOWAHB	SOWAHB,ANKRD56
A6NFI3	ZNF316	ZNF316
A6NGB9	WIPF3	WIPF3,CR16
A6NIE6	RRN3P2	RRN3P2
Q9NYV6	RRN3	RRN3,TIFIA
A6NKD9	CCDC85C	CCDC85C
A6NKF1	SAC3D1	SAC3D1,SHD1
A7E2V4	ZSWIM8	ZSWIM8,KIAA0913
A7KAX9	ARHGAP32	ARHGAP32,GRIT,KIAA0712,RICS
A8CG34	POM121C	POM121C
A8MT19	RHPN2P1	RHPN2P1
Q8IUC4	RHPN2	RHPN2
C9JI98	TMEM238	TMEM238
C9JLW8	MCRIP1	MCRIP1,FAM195B,GRAN2
E7EW31	PROB1	PROB1,C5orf65
E9PAV3	NACA	NACA
Q13765	NACA	NACA,HSD48
G9CGD6	CNK3/IPCEF1	CNK3/IPCEF1
Q6P9H4	CNKSR3	CNKSR3,MAGI1
O00151	PDLIM1	PDLIM1,CLIM1,CLP36
O00159	MYO1C	MYO1C
O00161	SNAP23	SNAP23
O00178	GTPBP1	GTPBP1
O00192	ARVCF	ARVCF
O00193	SMAP	SMAP,C11orf58
O00203	AP3B1	AP3B1,ADTB3A
O00204	SULT2B1	SULT2B1,HSST2
O00221	NFKBIE	NFKBIE,IKBE
O00231	PSMD11	PSMD11
O00264	PGRMC1	PGRMC1,HPR6.6,PGRMC
O00267	SUPT5H	SUPT5H,SPT5,SPT5H
O00273	DFFA	DFFA,DFF1,DFF45,H13
O00303	EIF3F	EIF3F,EIF3S5
O00308	WWP2	WWP2
O00401	WASL	WASL
O00418	EEF2K	EEF2K
O00429	DNM1L	DNM1L,DLP1,DRP1
O00443	PIK3C2A	PIK3C2A
O00459	PIK3R2	PIK3R2
O00461	GOLIM4	GOLIM4,GIMPC,GOLPH4,GPP130
O00499	BIN1	BIN1,AMPHL
O00505	KPNA3	KPNA3,QIP2
O00512	BCL9	BCL9
O00515	LAD1	LAD1,LAD
O00559	EBAG9	EBAG9,RCAS1
O00560	SDCBP	SDCBP,MDA9,SYCL
O00567	NOP56	NOP56,NOL5A
O00571	DDX3X	DDX3X,DBX,DDX3
O00629	KPNA4	KPNA4,QIP1
O00712	NFIB	NFIB
O00750	PIK3C2B	PIK3C2B
O00767	SCD	SCD,FADS5,SCD1,SCDOS
O14493	CLDN4	CLDN4,CPER,CPETR1,WBSCR8
O14497	ARID1A	ARID1A,BAF250,BAF250A,C1orf4,OSA1,SMARCF1
O14523	C2CD2L	C2CD2L,KIAA0285,TMEM24,DLNB23
O14545	TRAFD1	TRAFD1,FLN29
O14578	CIT	CIT,CRIK,KIAA0949,STK21
O14617	AP3D1	AP3D1,PRO0039
O14639	ABLIM1	ABLIM1,ABLIM,KIAA0059,LIMAB1
O14646	CHD1	CHD1
O14647	CHD2	CHD2
O14662	STX16	STX16
O14681	EI24	EI24,PIG8
O14683	TP53I11	TP53I11,PIG11
O14686	KMT2D	KMT2D,ALR,MLL2,MLL4
O14713	ITGB1BP1	ITGB1BP1,ICAP1
O14715	RGPD8	RGPD8,RANBP2ALPHA,RANBP2L1,RANBP2L3
Q99666	RGPD5	RGPD5,RANBP2L1,RGP5,RGP7,RGPD7;,RGPD6,RANBP2L2,RGP6
O14737	PDCD5	PDCD5,TFAR19
O14745	SLC9A3R1	SLC9A3R1,NHERF,NHERF1
O14757	CHEK1	CHEK1,CHK1
O14795	UNC13B	UNC13B,UNC13
O14827	RASGRF2	RASGRF2,GRF2
O14828	SCAMP3	SCAMP3,C1orf3,PROPIN1
O14867	BACH1	BACH1
O14874	BCKDK	BCKDK
O14896	IRF6	IRF6
O14929	HAT1	HAT1,KAT1
O14950	MYL12B	MYL12B,MRLC2,MYLC2B
P19105	MYL12A	MYL12A,MLCB,MRLC3,RLC
O14974	PPP1R12A	PPP1R12A,MBS,MYPT1
O14979	HNRNPDL	HNRNPDL,HNRPDL,JKTBP
O14980	XPO1	XPO1,CRM1
O15014	ZNF609	ZNF609,KIAA0295
O15020	SPTBN2	SPTBN2,KIAA0302,SCA5
O15027	SEC16A	SEC16A,KIAA0310,SEC16,SEC16L
O15037	KHNYN	KHNYN,KIAA0323
O15042	U2SURP	U2SURP,KIAA0332,SR140
O15047	SETD1A	SETD1A,KIAA0339,KMT2F,SET1,SET1A
O15056	SYNJ2	SYNJ2,KIAA0348
O15067	PFAS	PFAS,KIAA0361
O15084	ANKRD28	ANKRD28,KIAA0379
O15085	ARHGEF11	ARHGEF11,KIAA0380
O15119	TBX3	TBX3
O15127	SCAMP2	SCAMP2
O15143	ARPC1B	ARPC1B,ARC41
O15155	BET1	BET1
O15164	TRIM24	TRIM24,RNF82,TIF1,TIF1A
O15173	PGRMC2	PGRMC2,DG6,PMBP
O15195	VILL	VILL
O15211	RGL2	RGL2,RAB2L
O15231	ZNF185	ZNF185
O15234	CASC3	CASC3,MLN51
O15258	RER1	RER1
Q96PC5	MIA2	MIA2,CTAGE5,MEA11,MEA6,MGEA11,MGEA6
O15357	INPPL1	INPPL1,SHIP2
O15371	EIF3D	EIF3D,EIF3S7
O15372	EIF3H	EIF3H,EIF3S3
O15400	STX7	STX7
O15417	TNRC18	TNRC18,CAGL79,KIAA1856
O15439	ABCC4	ABCC4,MOATB,MRP4
O15446	POLR1G	POLR1G,ASE1,CAST,CD3EAP,PAF49
O15530	PDPK1	PDPK1,PDK1
Q6A1A2	PDPK2P	PDPK2P,PDPK2
O15541	RNF113A	RNF113A,RNF113,ZNF183
O15551	CLDN3	CLDN3,C7orf1,CPETR2
O43149	ZZEF1	ZZEF1,KIAA0399
O43150	ASAP2	ASAP2,DDEF2,KIAA0400
O43159	RRP8	RRP8,KIAA0409,NML,hucep-1
O43166	SIPA1L1	SIPA1L1,E6TP1,KIAA0440
O43194	GPR39	GPR39
O43237	DYNC1LI2	DYNC1LI2,DNCLI2,LIC2
O43290	SART1	SART1
O43295	SRGAP3	SRGAP3,ARHGAP14,KIAA0411,KIAA1156,MEGAP,SRGAP2
O43301	HSPA12A	HSPA12A,KIAA0417
O43303	CCP110	CCP110,CEP110,CP110,KIAA0419
O43306	ADCY6	ADCY6,KIAA0422
O43310	CTIF	CTIF,KIAA0427
O43314	PPIP5K2	PPIP5K2,HISPPD1,KIAA0433,VIP2
O43318	MAP3K7	MAP3K7,TAK1
O43379	WDR62	WDR62,C19orf14
O43395	PRPF3	PRPF3,HPRP3,PRP3
O43399	TPD52L2	TPD52L2
O43426	SYNJ1	SYNJ1,KIAA0910
O43432	EIF4G3	EIF4G3
O43439	CBFA2T2	CBFA2T2,EHT,MTGR1
O43474	KLF4	KLF4,EZF,GKLF
O43491	EPB41L2	EPB41L2
O43524	FOXO3	FOXO3,FKHRL1,FOXO3A
O43566	RGS14	RGS14
O43572	AKAP10	AKAP10
O43581	SYT7	SYT7,PCANAP7
O43583	DENR	DENR,DRP1,H14
O43598	DNPH1	DNPH1,C6orf108,RCL
O43663	PRC1	PRC1
O43683	BUB1	BUB1,BUB1L
O43719	HTATSF1	HTATSF1
O43741	PRKAB2	PRKAB2
O43752	STX6	STX6
O43765	SGTA	SGTA,SGT,SGT1
O43768	ENSA	ENSA
O43815	STRN	STRN
O43847	NRDC	NRDC,NRD1
O43852	CALU	CALU
O43896	KIF1C	KIF1C,KIAA0706
O43933	PEX1	PEX1
O60229	KALRN	KALRN,DUET,DUO,HAPIP,TRAD
O60231	DHX16	DHX16,DBP2,DDX16,KIAA0577,PRP2
O60238	BNIP3L	BNIP3L,BNIP3A,BNIP3H,NIX
O60244	MED14	MED14,ARC150,CRSP2,CXorf4,DRIP150,EXLM1,RGR1,TRAP170
O60256	PRPSAP2	PRPSAP2
O60264	SMARCA5	SMARCA5,SNF2H,WCRF135
O60271	SPAG9	SPAG9,HSS,KIAA0516,MAPK8IP4,SYD1,HLC6
O60291	MGRN1	MGRN1,KIAA0544,RNF156
O60292	SIPA1L3	SIPA1L3,KIAA0545,SPAL3
O60293	ZFC3H1	ZFC3H1,CCDC131,KIAA0546,PSRC2
O60307	MAST3	MAST3,KIAA0561
O60318	MCM3AP	MCM3AP,GANP,KIAA0572,MAP80
O60333	KIF1B	KIF1B,KIAA0591,KIAA1448
O60341	KDM1A	KDM1A,AOF2,KDM1,KIAA0601,LSD1
O60343	TBC1D4	TBC1D4,AS160,KIAA0603
O60437	PPL	PPL,KIAA0568
O60502	OGA	OGA,HEXC,KIAA0679,MEA5,MGEA5
O60504	SORBS3	SORBS3,SCAM1
O60508	CDC40	CDC40,EHB3,PRP17,PRPF17
O60516	EIF4EBP3	EIF4EBP3
O60548	FOXD2	FOXD2,FKHL17,FREAC9
O60551	NMT2	NMT2
O60573	EIF4E2	EIF4E2,EIF4EL3
O60583	CCNT2	CCNT2
O60716	CTNND1	CTNND1,KIAA0384
O60762	DPM1	DPM1
O60784	TOM1	TOM1
O60814	H2BC12	H2BC12,H2BFT,HIRIP1,HIST1H2BK
P57053	H2BC12L	H2BC12L,H2BFS,H2BS1
P58876	H2BC5	H2BC5,H2BFB,HIRIP2,HIST1H2BD
P62807	H2BC4	H2BC4,H2BFL,HIST1H2BC;,H2BC6,H2BFH,HIST1H2BE;,H2BC7,H2BFG,HIST1H2BF;,H2BC8,H2BFA,HIST1H2BG;,H2BC10,H2BFK,HIST1H2BI
Q5QNW6	H2BC18	H2BC18,HIST2H2BF
Q93079	H2BC9	H2BC9,H2BFJ,HIST1H2BH
Q99877	H2BC15	H2BC15,H2BFD,HIST1H2BN
Q99879	H2BC14	H2BC14,H2BFE,HIST1H2BM
Q99880	H2BC13	H2BC13,H2BFC,HIST1H2BL
O60825	PFKFB2	PFKFB2
O60832	DKC1	DKC1,NOLA4
O60841	EIF5B	EIF5B,IF2,KIAA0741
O60885	BRD4	BRD4,HUNK1
O60890	OPHN1	OPHN1
O60930	RNASEH1	RNASEH1,RNH1
O60941	DTNB	DTNB
O75037	KIF21B	KIF21B,KIAA0449
O75096	LRP4	LRP4,KIAA0816,LRP10,MEGF7
O75113	N4BP1	N4BP1,KIAA0615
O75116	ROCK2	ROCK2,KIAA0619
O75122	CLASP2	CLASP2,KIAA0627
O75128	COBL	COBL,KIAA0633
O75131	CPNE3	CPNE3,CPN3,KIAA0636
O75132	ZBED4	ZBED4,KIAA0637
O75145	PPFIA3	PPFIA3,KIAA0654
O75151	PHF2	PHF2,CENP-35,KIAA0662
O75152	ZC3H11A	ZC3H11A,KIAA0663,ZC3HDC11A
O75153	CLUH	CLUH,KIAA0664
O75164	KDM4A	KDM4A,JHDM3A,JMJD2,JMJD2A,KIAA0677
O75167	PHACTR2	PHACTR2,C6orf56,KIAA0680
O75170	PPP6R2	PPP6R2,KIAA0685,PP6R2,SAPS2
O75175	CNOT3	CNOT3,KIAA0691,LENG2,NOT3
O75179	ANKRD17	ANKRD17,GTAR,KIAA0697
O75190	DNAJB6	DNAJB6,HSJ2,MRJ,MSJ1
O75351	VPS4B	VPS4B,SKD1,VPS42,MIG1
O75362	ZNF217	ZNF217,ZABC1
O75367	MACROH2A1	MACROH2A1,H2AFY
O75369	FLNB	FLNB,FLN1L,FLN3,TABP,TAP
O75376	NCOR1	NCOR1,KIAA1047
O75379	VAMP4	VAMP4
O75382	TRIM3	TRIM3,BERP,RNF22,RNF97
O75385	ULK1	ULK1,KIAA0722
O75396	SEC22B	SEC22B,SEC22L1
O75400	PRPF40A	PRPF40A,FBP11,FLAF1,FNBP3,HIP10,HYPA,HSPC225
O75410	TACC1	TACC1,KIAA1103
O75420	GIGYF1	GIGYF1,CDS2,PERQ1,PP3360
O75427	LRCH4	LRCH4,LRN,LRRN1,LRRN4
O75446	SAP30	SAP30
O75448	MED24	MED24,ARC100,CRSP4,DRIP100,KIAA0130,THRAP4,TRAP100
O75449	KATNA1	KATNA1
O75475	PSIP1	PSIP1,DFS70,LEDGF,PSIP2
O75494	SRSF10	SRSF10,FUSIP1,FUSIP2,SFRS13A,TASR
O75533	SF3B1	SF3B1,SAP155
O75569	PRKRA	PRKRA,PACT,RAX,HSD-14,HSD14
O75592	MYCBP2	MYCBP2,KIAA0916,PAM
O75607	NPM3	NPM3
O75643	SNRNP200	SNRNP200,ASCC3L1,HELIC2,KIAA0788
O75674	TOM1L1	TOM1L1,SRCASM
O75676	RPS6KA4	RPS6KA4,MSK2
O75683	SURF6	SURF6,SURF-6
O75691	UTP20	UTP20,DRIM
O75694	NUP155	NUP155,KIAA0791
O75717	WDHD1	WDHD1,AND1
O75764	TCEA3	TCEA3,TFIISH
O75815	BCAR3	BCAR3,NSP2,SH2D3B,UNQ271/PRO308
O75821	EIF3G	EIF3G,EIF3S4
O75822	EIF3J	EIF3J,EIF3S1,PRO0391
O75864	PPP1R37	PPP1R37,KIAA1986,LRRC68
O75909	CCNK	CCNK,CPR4
O75925	PIAS1	PIAS1,DDXBP1
O75962	TRIO	TRIO
O75976	CPD	CPD
O76021	RSL1D1	RSL1D1,CATX11,CSIG,PBK1,L12
O76024	WFS1	WFS1
O76041	NEBL	NEBL,C10orf113,LNEBL
O76074	PDE5A	PDE5A,PDE5
O76094	SRP72	SRP72
O94762	RECQL5	RECQL5,RECQ5
O94776	MTA2	MTA2,MTA1L1,PID
O94782	USP1	USP1
O94804	STK10	STK10,LOK
O94806	PRKD3	PRKD3,EPK2,PRKCN
O94811	TPPP	TPPP,TPPP1
O94819	KBTBD11	KBTBD11,CMLAP,KIAA0711,KLHDC7C
O94826	TOMM70	TOMM70,KIAA0719,TOM70,TOMM70A
O94827	PLEKHG5	PLEKHG5,KIAA0720
O94842	TOX4	TOX4,C14orf92,KIAA0737
O94864	SUPT7L	SUPT7L,KIAA0764
O94875	SORBS2	SORBS2,ARGBP2,KIAA0777
O94876	TMCC1	TMCC1,KIAA0779
O94880	PHF14	PHF14,KIAA0783
O94885	SASH1	SASH1,KIAA0790,PEPE1
O94887	FARP2	FARP2,KIAA0793,PLEKHC3
O94913	PCF11	PCF11,KIAA0824
O94915	FRYL	FRYL,AF4P12,KIAA0826
O94964	SOGA1	SOGA1,C20orf117,KIAA0889,SOGA
O94979	SEC31A	SEC31A,KIAA0905,SEC31L1,HSPC275,HSPC334
O94986	CEP152	CEP152,KIAA0912
O94988	FAM13A	FAM13A,FAM13A1,KIAA0914
O95049	TJP3	TJP3,ZO3
O95071	UBR5	UBR5,EDD,EDD1,HYD,KIAA0896
O95104	SCAF4	SCAF4,KIAA1172,SFRS15
O95149	SNUPN	SNUPN,RNUT1,SPN1
O95155	UBE4B	UBE4B,HDNB1,KIAA0684,UFD2
O95197	RTN3	RTN3,ASYIP,NSPL2
O95208	EPN2	EPN2,KIAA1065
O95218	ZRANB2	ZRANB2,ZIS,ZNF265
O95235	KIF20A	KIF20A,MKLP2,RAB6KIFL
O95239	KIF4A	KIF4A,KIF4
O95251	KAT7	KAT7,HBO1,HBOa,MYST2
O95292	VAPB	VAPB,UNQ484/PRO983
O95294	RASAL1	RASAL1,RASAL
O95295	SNAPIN	SNAPIN,BLOC1S7,SNAP25BP,SNAPAP
O95297	MPZL1	MPZL1,PZR,UNQ849/PRO1787
O95359	TACC2	TACC2
O95361	TRIM16	TRIM16,EBBP
O95365	ZBTB7A	ZBTB7A,FBI1,LRF,ZBTB7,ZNF857A
O95382	MAP3K6	MAP3K6,ASK2,MAPKKK6,MEKK6
O95391	SLU7	SLU7
O95394	PGM3	PGM3,AGM1
O95400	CD2BP2	CD2BP2,KIAA1178
O95402	MED26	MED26,ARC70,CRSP7
O95425	SVIL	SVIL
O95429	BAG4	BAG4,SODD
O95453	PARN	PARN,DAN
O95456	PSMG1	PSMG1,C21LRP,DSCR2,PAC1
O95487	SEC24B	SEC24B
O95544	NADK	NADK
O95628	CNOT4	CNOT4,NOT4
O95671	ASMTL	ASMTL
O95674	CDS2	CDS2
O95684	CEP43	CEP43,FGFR1OP,FOP
O95685	PPP1R3D	PPP1R3D,PPP1R6
O95696	BRD1	BRD1,BRL,BRPF2
O95714	HERC2	HERC2
O95747	OXSR1	OXSR1,KIAA1101,OSR1
O95758	PTBP3	PTBP3,ROD1
O95785	WIZ	WIZ,ZNF803
O95793	STAU1	STAU1,STAU
O95801	TTC4	TTC4,My044
O95817	BAG3	BAG3,BIS
O95819	MAP4K4	MAP4K4,HGK,KIAA0687,NIK
O95831	AIFM1	AIFM1,AIF,PDCD8
O95835	LATS1	LATS1,WARTS
O95983	MBD3	MBD3
O95997	PTTG1	PTTG1,EAP1,PTTG,TUTR1
Q9NZH5	PTTG2	PTTG2
O95999	BCL10	BCL10,CIPER,CLAP
O96013	PAK4	PAK4,KIAA1142
O96019	ACTL6A	ACTL6A,BAF53,BAF53A,INO80K
O96028	NSD2	NSD2,KIAA1090,MMSET,TRX5,WHSC1
P00352	ALDH1A1	ALDH1A1,ALDC,ALDH1,PUMB1
P00519	ABL1	ABL1,ABL,JTK7
P00558	PGK1	PGK1,PGKA,MIG10,OK/SW-cl.110
P01106	MYC	MYC,BHLHE39
P01213	PDYN	PDYN
P02545	LMNA	LMNA,LMN1
P02765	AHSG	AHSG,FETUA,PRO2743
P02794	FTH1	FTH1,FTH,FTHL6,OK/SW-cl.84,PIG15
P04040	CAT	CAT
P04049	RAF1	RAF1,RAF
P04075	ALDOA	ALDOA,ALDA
P04183	TK1	TK1
P04406	GAPDH	GAPDH,GAPD,CDABP0047,OK/SW-cl.12
P04439	HLA-A	HLA-A,HLAA
P04626	ERBB2	ERBB2,HER2,MLN19,NEU,NGL
P04637	TP53	TP53,P53
P04792	HSPB1	HSPB1,HSP27,HSP28
P05023	ATP1A1	ATP1A1
P05114	HMGN1	HMGN1,HMG14
P05386	RPLP1	RPLP1,RRP1
P05387	RPLP2	RPLP2,D11S2243E,RPP2
P05388	RPLP0	RPLP0
P05412	JUN	JUN
P05455	SSB	SSB
P05783	KRT18	KRT18,CYK18,PIG46
P05787	KRT8	KRT8,CYK8
P06400	RB1	RB1
P06454	PTMA	PTMA,TMSA
P06493	CDK1	CDK1,CDC2,CDC28A,CDKN1,P34CDC2
P06733	ENO1	ENO1,ENO1L1,MBPB1,MPB1
P06744	GPI	GPI
P06748	NPM1	NPM1,NPM
P07108	DBI	DBI
P07148	FABP1	FABP1,FABPL
P07199	CENPB	CENPB
P07355	ANXA2	ANXA2,ANX2,ANX2L4,CAL1H,LPC2D
P07741	APRT	APRT
P07814	EPRS1	EPRS1,EPRS,GLNS,PARS,QARS,QPRS,PIG32
P07900	HSP90AA1	HSP90AA1,HSP90A,HSPC1,HSPCA
P07910	HNRNPC	HNRNPC,HNRPC
P07919	UQCRH	UQCRH
P07948	LYN	LYN,JTK8
P08034	GJB1	GJB1,CX32
P08238	HSP90AB1	HSP90AB1,HSP90B,HSPC2,HSPCB
P08473	MME	MME,EPN
P08559	PDHA1	PDHA1,PHE1A
P08581	MET	MET
P08621	SNRNP70	SNRNP70,RNPU1Z,RPU1,SNRP70,U1AP1
P08651	NFIC	NFIC,NFI
P08708	RPS17	RPS17,RPS17L
P08727	KRT19	KRT19
P09327	VIL1	VIL1,VIL
P09651	HNRNPA1	HNRNPA1,HNRPA1
P09661	SNRPA1	SNRPA1
P09874	PARP1	PARP1,ADPRT,PPOL
P09884	POLA1	POLA1,POLA
P09972	ALDOC	ALDOC,ALDC
P0C1Z6	TFPT	TFPT,INO80F
P0C7T5	ATXN1L	ATXN1L,BOAT,BOAT1
P0DMV8	HSPA1A	HSPA1A,HSP72,HSPA1,HSX70
P0DMV9	HSPA1B	HSPA1B,HSP72
P0DPB5	POLR1D	POLR1D
P10075	GLI4	GLI4,HKR4
P10242	MYB	MYB
P10244	MYBL2	MYBL2,BMYB
P10398	ARAF	ARAF,ARAF1,PKS,PKS2
P10412	H1-4	H1-4,H1F4,HIST1H1E
P10586	PTPRF	PTPRF,LAR
P10636	MAPT	MAPT,MAPTL,MTBT1,TAU
P10644	PRKAR1A	PRKAR1A,PKR1,PRKAR1,TSE1
P10809	HSPD1	HSPD1,HSP60
P11047	LAMC1	LAMC1,LAMB2
P11166	SLC2A1	SLC2A1,GLUT1
P11171	EPB41	EPB41,E41P
P11274	BCR	BCR,BCR1,D22S11
P11387	TOP1	TOP1
P11388	TOP2A	TOP2A,TOP2
P11532	DMD	DMD
P11717	IGF2R	IGF2R,MPRI
P11831	SRF	SRF
P12268	IMPDH2	IMPDH2,IMPD2
P12270	TPR	TPR
P12694	BCKDHA	BCKDHA
P12755	SKI	SKI
P12882	MYH1	MYH1
Q9UKX2	MYH2	MYH2,MYHSA2
Q9Y623	MYH4	MYH4
P12931	SRC	SRC,SRC1
P12956	XRCC6	XRCC6,G22P1
P13051	UNG	UNG,DGU,UNG1,UNG15
P13489	RNH1	RNH1,PRI,RNH
P13533	MYH6	MYH6,MYHCA
P13569	CFTR	CFTR,ABCC7
P13639	EEF2	EEF2,EF2
P13796	LCP1	LCP1,PLS2
P13798	APEH	APEH,D3F15S2,D3S48E,DNF15S2
P13807	GYS1	GYS1,GYS
P13861	PRKAR2A	PRKAR2A,PKR2,PRKAR2
P14618	PKM	PKM,OIP3,PK2,PK3,PKM2
P14625	HSP90B1	HSP90B1,GRP94,TRA1
P14859	POU2F1	POU2F1,OCT1,OTF1
P14866	HNRNPL	HNRNPL,HNRPL,P/OKcl.14
P14923	JUP	JUP,CTNNG,DP3
P15056	BRAF	BRAF,BRAF1,RAFB1
P15151	PVR	PVR,PVS
P15336	ATF2	ATF2,CREB2,CREBP1
P15407	FOSL1	FOSL1,FRA1
P15408	FOSL2	FOSL2,FRA2
P15531	NME1	NME1,NDPKA,NM23
P15880	RPS2	RPS2,RPS4
P15923	TCF3	TCF3,BHLHB21,E2A,ITF1
P15924	DSP	DSP
P16070	CD44	CD44,LHR,MDU2,MDU3,MIC4
P16104	H2AX	H2AX,H2AFX
P16144	ITGB4	ITGB4
P16152	CBR1	CBR1,CBR,CRN,SDR21C1
P16220	CREB1	CREB1
P16333	NCK1	NCK1,NCK
P16383	GCFC2	GCFC2,C2orf3,GCF,TCF9
P16401	H1-5	H1-5,H1F5,HIST1H1B
P16403	H1-2	H1-2,H1F2,HIST1H1C
P16455	MGMT	MGMT
P16615	ATP2A2	ATP2A2,ATP2B
P16949	STMN1	STMN1,C1orf215,LAP18,OP18
P16989	YBX3	YBX3,CSDA,DBPA
P17029	ZKSCAN1	ZKSCAN1,KOX18,ZNF139,ZNF36
P17096	HMGA1	HMGA1,HMGIY
P17252	PRKCA	PRKCA,PKCA,PRKACA
P17480	UBTF	UBTF,UBF,UBF1
P17509	HOXB6	HOXB6,HOX2B
P17612	PRKACA	PRKACA,PKACA
P22612	PRKACG	PRKACG
P22694	PRKACB	PRKACB
P17706	PTPN2	PTPN2,PTPT
P17812	CTPS1	CTPS1,CTPS
P17844	DDX5	DDX5,G17P1,HELR,HLR1
P17980	PSMC3	PSMC3,TBP1
P17987	TCP1	TCP1,CCT1,CCTA
P18031	PTPN1	PTPN1,PTP1B
P18206	VCL	VCL
P18433	PTPRA	PTPRA,PTPA,PTPRL2
P18583	SON	SON,C21orf50,DBP5,KIAA1019,NREBP,HSPC310,HSPC312
P18615	NELFE	NELFE,RD,RDBP
P18669	PGAM1	PGAM1,PGAMA,CDABP0006
P18754	RCC1	RCC1,CHC1
P18858	LIG1	LIG1
P18887	XRCC1	XRCC1
P19174	PLCG1	PLCG1,PLC1
P19338	NCL	NCL
P19419	ELK1	ELK1
P19525	EIF2AK2	EIF2AK2,PKR,PRKR
P19532	TFE3	TFE3,BHLHE33
P19634	SLC9A1	SLC9A1,APNH1,NHE1
P19793	RXRA	RXRA,NR2B1
P19838	NFKB1	NFKB1
P20020	ATP2B1	ATP2B1,PMCA1
P20042	EIF2S2	EIF2S2,EIF2B
P20248	CCNA2	CCNA2,CCN1,CCNA
P20290	BTF3	BTF3,NACB,OK/SW-cl.8
P20700	LMNB1	LMNB1,LMN2,LMNB
P20810	CAST	CAST
P20823	HNF1A	HNF1A,TCF1
P21127	CDK11B	CDK11B,CDC2L1,CDK11,PITSLREA,PK58
P21291	CSRP1	CSRP1,CSRP,CYRP
P21333	FLNA	FLNA,FLN,FLN1
P21359	NF1	NF1
P21796	VDAC1	VDAC1,VDAC
P21860	ERBB3	ERBB3,HER3
P22059	OSBP	OSBP,OSBP1
P22087	FBL	FBL,FIB1,FLRN
P22102	GART	GART,PGFT,PRGS
P22234	PAICS	PAICS,ADE2,AIRC,PAIS
P22314	UBA1	UBA1,A1S9T,UBE1
P22392	NME2	NME2,NM23B
P22415	USF1	USF1,BHLHB11,USF
Q15853	USF2	USF2,BHLHB12
P22455	FGFR4	FGFR4,JTK2,TKF
P22626	HNRNPA2B1	HNRNPA2B1,HNRPA2B1
P22670	RFX1	RFX1
P23193	TCEA1	TCEA1,GTF2S,TFIIS
P23246	SFPQ	SFPQ,PSF
P23396	RPS3	RPS3,OK/SW-cl.26
P23443	RPS6KB1	RPS6KB1,STK14A
P23497	SP100	SP100
P23528	CFL1	CFL1,CFL
P23588	EIF4B	EIF4B
P23677	ITPKA	ITPKA
P24534	EEF1B2	EEF1B2,EEF1B,EF1B
P24928	POLR2A	POLR2A,POLR2
P25054	APC	APC,DP2.5
P25098	GRK2	GRK2,ADRBK1,BARK,BARK1
P25205	MCM3	MCM3
P25440	BRD2	BRD2,KIAA9001,RING3
P25445	FAS	FAS,APT1,FAS1,TNFRSF6
P25490	YY1	YY1,INO80S
P25788	PSMA3	PSMA3,HC8,PSC8
P26045	PTPN3	PTPN3,PTPH1
P26358	DNMT1	DNMT1,AIM,CXXC9,DNMT
P26368	U2AF2	U2AF2,U2AF65
P26373	RPL13	RPL13,BBC1,OK/SW-cl.46
P26599	PTBP1	PTBP1,PTB
P26641	EEF1G	EEF1G,EF1G,PRO1608
P27216	ANXA13	ANXA13,ANX13
P27361	MAPK3	MAPK3,ERK1,PRKM3
P27448	MARK3	MARK3,CTAK1,EMK2
P27694	RPA1	RPA1,REPA1,RPA70
P27708	CAD	CAD
P27816	MAP4	MAP4
P27824	CANX	CANX
P27987	ITPKB	ITPKB
P28066	PSMA5	PSMA5
P28290	ITPRID2	ITPRID2,CS1,KIAA1927,KRAP,SSFA2
P28482	MAPK1	MAPK1,ERK2,PRKM1,PRKM2
P28715	ERCC5	ERCC5,ERCM2,XPG,XPGC
P28749	RBL1	RBL1
P29323	EPHB2	EPHB2,DRT,EPHT3,EPTH3,ERK,HEK5,TYRO5
P29353	SHC1	SHC1,SHC,SHCA
P29374	ARID4A	ARID4A,RBBP1,RBP1
P29375	KDM5A	KDM5A,JARID1A,RBBP2,RBP2
P29590	PML	PML,MYL,PP8675,RNF71,TRIM19
P29597	TYK2	TYK2
P29692	EEF1D	EEF1D,EF1D
P29966	MARCKS	MARCKS,MACS,PRKCSL
P30041	PRDX6	PRDX6,AOP2,KIAA0106
P30050	RPL12	RPL12
P30086	PEBP1	PEBP1,PBP,PEBP
P30279	CCND2	CCND2
P30305	CDC25B	CDC25B,CDC25HU2
P30414	NKTR	NKTR
P30419	NMT1	NMT1,NMT
P30566	ADSL	ADSL,AMPS
P30622	CLIP1	CLIP1,CYLN1,RSN
P31321	PRKAR1B	PRKAR1B
P31323	PRKAR2B	PRKAR2B
P31350	RRM2	RRM2,RR2
P31641	SLC6A6	SLC6A6
P31689	DNAJA1	DNAJA1,DNAJ2,HDJ2,HSJ2,HSPF4
P31751	AKT2	AKT2
P31930	UQCRC1	UQCRC1
P31942	HNRNPH3	HNRNPH3,HNRPH3
P31943	HNRNPH1	HNRNPH1,HNRPH,HNRPH1
P31948	STIP1	STIP1
P31949	S100A11	S100A11,MLN70,S100C
P32519	ELF1	ELF1
P33176	KIF5B	KIF5B,KNS,KNS1
P33316	DUT	DUT
P33981	TTK	TTK,MPS1,MPS1L1
P33991	MCM4	MCM4,CDC21
P34932	HSPA4	HSPA4,APG2
P35221	CTNNA1	CTNNA1
P35222	CTNNB1	CTNNB1,CTNNB,OK/SW-cl.35,PRO2286
P35251	RFC1	RFC1,RFC140
P35269	GTF2F1	GTF2F1,RAP74
P35548	MSX2	MSX2,HOX8
P35568	IRS1	IRS1
P35579	MYH9	MYH9
P35580	MYH10	MYH10
P35606	COPB2	COPB2
P35611	ADD1	ADD1,ADDA
P35658	NUP214	NUP214,CAIN,CAN,KIAA0023
P35659	DEK	DEK
P35680	HNF1B	HNF1B,TCF2
P35900	KRT20	KRT20
P36507	MAP2K2	MAP2K2,MEK2,MKK2,PRKMK2
P36578	RPL4	RPL4,RPL1
P36871	PGM1	PGM1
P36915	GNL1	GNL1,HSR1
P37173	TGFBR2	TGFBR2
P37231	PPARG	PPARG,NR1C3
P37802	TAGLN2	TAGLN2,KIAA0120,CDABP0035
P38159	RBMX	RBMX,HNRPG,RBMXP1
P38398	BRCA1	BRCA1,RNF53
P38432	COIL	COIL,CLN80
P38919	EIF4A3	EIF4A3,DDX48,KIAA0111
P39880	CUX1	CUX1,CUTL1
P40222	TXLNA	TXLNA,TXLN
P40227	CCT6A	CCT6A,CCT6,CCTZ
P40306	PSMB10	PSMB10,LMP10,MECL1
P40425	PBX2	PBX2,G17
P40763	STAT3	STAT3,APRF
P40818	USP8	USP8,KIAA0055,UBPY
P41162	ETV3	ETV3,METS,PE1
P41208	CETN2	CETN2,CALT,CEN2
P41212	ETV6	ETV6,TEL,TEL1
P41227	NAA10	NAA10,ARD1,ARD1A,TE2
P41229	KDM5C	KDM5C,DXS1272E,JARID1C,SMCX,XE169
P41235	HNF4A	HNF4A,HNF4,NR2A1,TCF14
P41236	PPP1R2	PPP1R2,IPP2
Q6NXS1	PPP1R2B	PPP1R2B,PPP1R2P3
P41743	PRKCI	PRKCI,DXS1179E
P42166	TMPO	TMPO,LAP2
P42167	TMPO	TMPO,LAP2
P42224	STAT1	STAT1
P42330	AKR1C3	AKR1C3,DDH1,HSD17B5,KIAA0119,PGFS
P42345	MTOR	MTOR,FRAP,FRAP1,FRAP2,RAFT1,RAPT1
P42566	EPS15	EPS15,AF1P
P42568	MLLT3	MLLT3,AF9,YEATS3
P42677	RPS27	RPS27,MPS1
P42684	ABL2	ABL2,ABLL,ARG
P42694	HELZ	HELZ,DRHC,KIAA0054
P42695	NCAPD3	NCAPD3,CAPD3,KIAA0056
P42696	RBM34	RBM34,KIAA0117
P42858	HTT	HTT,HD,IT15
P43007	SLC1A4	SLC1A4,ASCT1,SATT
P43243	MATR3	MATR3,KIAA0723
P43487	RANBP1	RANBP1
P45880	VDAC2	VDAC2
P45973	CBX5	CBX5,HP1A
P45974	USP5	USP5,ISOT
P46013	MKI67	MKI67
P46060	RANGAP1	RANGAP1,KIAA1835,SD
P46087	NOP2	NOP2,NOL1,NSUN1
P46100	ATRX	ATRX,RAD54L,XH2
P46108	CRK	CRK
P46379	BAG6	BAG6,BAT3,G3
P46527	CDKN1B	CDKN1B,KIP1,p27
P46934	NEDD4	NEDD4,KIAA0093,NEDD4-1,PIG53
P46937	YAP1	YAP1,YAP65
P46940	IQGAP1	IQGAP1,KIAA0051
P47712	PLA2G4A	PLA2G4A,CPLA2,PLA2G4
P47755	CAPZA2	CAPZA2
P47974	ZFP36L2	ZFP36L2,ERF2,RNF162C,TIS11D
P48382	RFX5	RFX5
P48431	SOX2	SOX2
P48436	SOX9	SOX9
P48444	ARCN1	ARCN1,COPD
P48506	GCLC	GCLC,GLCL,GLCLC
P48634	PRRC2A	PRRC2A,BAT2,G2
P48637	GSS	GSS
P48651	PTDSS1	PTDSS1,KIAA0024,PSSA
P48730	CSNK1D	CSNK1D,HCKID
P48764	SLC9A3	SLC9A3,NHE3
P49006	MARCKSL1	MARCKSL1,MLP,MRP
P49023	PXN	PXN
P49116	NR2C2	NR2C2,TAK1,TR4
P49207	RPL34	RPL34
P49247	RPIA	RPIA,RPI
P49321	NASP	NASP
P49327	FASN	FASN,FAS
P49354	FNTA	FNTA
P49407	ARRB1	ARRB1,ARR1
P49454	CENPF	CENPF
P49585	PCYT1A	PCYT1A,CTPCT,PCYT1
P49589	CARS1	CARS1,CARS
P49590	HARS2	HARS2,HARSL,HARSR,HO3
P49640	EVX1	EVX1
P49674	CSNK1E	CSNK1E
P49736	MCM2	MCM2,BM28,CCNL1,CDCL1,KIAA0030
P49756	RBM25	RBM25,RNPC7
P49757	NUMB	NUMB,C14orf41
P49759	CLK1	CLK1,CLK
P49760	CLK2	CLK2
P49761	CLK3	CLK3
P49790	NUP153	NUP153
P49792	RANBP2	RANBP2,NUP358
P49796	RGS3	RGS3
P49810	PSEN2	PSEN2,AD4,PS2,PSNL2,STM2
P49815	TSC2	TSC2,TSC4
P49841	GSK3B	GSK3B
P49848	TAF6	TAF6,TAF2E,TAFII70
P49915	GMPS	GMPS
P49916	LIG3	LIG3
P49959	MRE11	MRE11,HNGS1,MRE11A
P50219	MNX1	MNX1,HLXB9
P50402	EMD	EMD,EDMD,STA
P50443	SLC26A2	SLC26A2,DTD,DTDST
P50502	ST13	ST13,AAG2,FAM10A1,HIP,SNC6
P50548	ERF	ERF
P50552	VASP	VASP
P50570	DNM2	DNM2,DYN2
P50613	CDK7	CDK7,CAK,CAK1,CDKN7,MO15,STK1
P50616	TOB1	TOB1,TOB,TROB1
P50851	LRBA	LRBA,BGL,CDC4L,LBA
P50990	CCT8	CCT8,C21orf112,CCTQ,KIAA0002
P51003	PAPOLA	PAPOLA,PAP
P51114	FXR1	FXR1
P51116	FXR2	FXR2,FMR1L2
P51149	RAB7A	RAB7A,RAB7
P51397	DAP	DAP,DAP1
P51523	ZNF84	ZNF84
P51531	SMARCA2	SMARCA2,BAF190B,BRM,SNF2A,SNF2L2
P51532	SMARCA4	SMARCA4,BAF190A,BRG1,SNF2B,SNF2L4
P51580	TPMT	TPMT
P51608	MECP2	MECP2
P51610	HCFC1	HCFC1,HCF1,HFC1
P51659	HSD17B4	HSD17B4,EDH17B4,SDR8C1
P51787	KCNQ1	KCNQ1,KCNA8,KCNA9,KVLQT1
P51788	CLCN2	CLCN2
P51812	RPS6KA3	RPS6KA3,ISPK1,MAPKAPK1B,RSK2
P51825	AFF1	AFF1,AF4,FEL,MLLT2,PBM1
P51858	HDGF	HDGF,HMG1L2
P51946	CCNH	CCNH
P51955	NEK2	NEK2,NEK2A,NLK1
P51956	NEK3	NEK3
P51957	NEK4	NEK4,STK2
P51991	HNRNPA3	HNRNPA3,HNRPA3
P52272	HNRNPM	HNRNPM,HNRPM,NAGR1
P52292	KPNA2	KPNA2,RCH1,SRP1
P52564	MAP2K6	MAP2K6,MEK6,MKK6,PRKMK6,SKK3
P52565	ARHGDIA	ARHGDIA,GDIA1
P52594	AGFG1	AGFG1,HRB,RAB,RIP
P52597	HNRNPF	HNRNPF,HNRPF
P52701	MSH6	MSH6,GTBP
P52732	KIF11	KIF11,EG5,KNSL1,TRIP5
P52735	VAV2	VAV2
P52756	RBM5	RBM5,H37,LUCA15
P52907	CAPZA1	CAPZA1
P52926	HMGA2	HMGA2,HMGIC
P52948	NUP98	NUP98,ADAR2
P53367	ARFIP1	ARFIP1
P53396	ACLY	ACLY
P53602	MVD	MVD,MPD
P53621	COPA	COPA
P53805	RCAN1	RCAN1,ADAPT78,CSP1,DSC1,DSCR1
Q9UKA8	RCAN3	RCAN3,DSCR1L2
P53814	SMTN	SMTN,SMSMO
P53985	SLC16A1	SLC16A1,MCT1
P53999	SUB1	SUB1,PC4,RPO2TC1
P54105	CLNS1A	CLNS1A,CLCI,ICLN
P54253	ATXN1	ATXN1,ATX1,SCA1
P54259	ATN1	ATN1,D12S755E,DRPLA
P54274	TERF1	TERF1,PIN2,TRBF1,TRF,TRF1
P54578	USP14	USP14,TGT
P54725	RAD23A	RAD23A
P54727	RAD23B	RAD23B
P55011	SLC12A2	SLC12A2,NKCC1
P55081	MFAP1	MFAP1
P55196	AFDN	AFDN,AF6,MLLT4
P55198	MLLT6	MLLT6,AF17
P55199	ELL	ELL,C19orf17
P55201	BRPF1	BRPF1,BR140
P55209	NAP1L1	NAP1L1,NRP
P55265	ADAR	ADAR,ADAR1,DSRAD,G1P1,IFI4
P55317	FOXA1	FOXA1,HNF3A,TCF3A
P55327	TPD52	TPD52
P55884	EIF3B	EIF3B,EIF3S9
P56192	MARS1	MARS1,MARS
P56211	ARPP19	ARPP19
P56277	CMC4	CMC4,C6.1B,MTCP1,MTCP1NB
P56470	LGALS4	LGALS4
P56524	HDAC4	HDAC4,KIAA0288
P56962	STX17	STX17
P57081	WDR4	WDR4
P57682	KLF3	KLF3,BKLF
P57737	CORO7	CORO7
P57740	NUP107	NUP107
P58107	EPPK1	EPPK1,EPIPL
P60174	TPI1	TPI1,TPI
P60468	SEC61B	SEC61B
P60709	ACTB	ACTB
P60981	DSTN	DSTN,ACTDP,DSN
P61006	RAB8A	RAB8A,MEL,RAB8
P61247	RPS3A	RPS3A,FTE1,MFTL
P61289	PSME3	PSME3
P61978	HNRNPK	HNRNPK,HNRPK
P62070	RRAS2	RRAS2,TC21
P62136	PPP1CA	PPP1CA,PPP1A
P62140	PPP1CB	PPP1CB
P62241	RPS8	RPS8,OK/SW-cl.83
P62258	YWHAE	YWHAE
P62263	RPS14	RPS14,PRO2640
P62306	SNRPF	SNRPF,PBSCF
P62310	LSM3	LSM3,MDS017
P62316	SNRPD2	SNRPD2,SNRPD1
P62328	TMSB4X	TMSB4X,TB4X,THYB4,TMSB4
P62750	RPL23A	RPL23A
P62753	RPS6	RPS6,OK/SW-cl.2
P62805	H4C1	H4C1,H4/A,H4FA,HIST1H4A;,H4C2,H4/I,H4FI,HIST1H4B;,H4C3,H4/G,H4FG,HIST1H4C;,H4C4,H4/B,H4FB,HIST1H4D;,H4C5,H4/J,H4FJ,HIST1H4E;,H4C6,H4/C,H4FC,HIST1H4F;,H4C8,H4/H,H4FH,HIST1H4H;,H4C9,H4/M,H4FM,HIST1H4I;,H4C11,H4/E,H4FE,HIST1H4J;,H4C12,H4/D,H4FD,HIST1H4K;,H4C13,H4/K,H4FK,HIST1H4L;,H4C14,H4/N,H4F2,H4FN,HIST2H4,HIST2H4A;,H4C15,H4/O,H4FO,HIST2H4B;,H4-16,HIST4H4
P62820	RAB1A	RAB1A,RAB1
P62857	RPS28	RPS28
P62888	RPL30	RPL30
P62979	RPS27A	RPS27A,UBA80,UBCEP1
P62995	TRA2B	TRA2B,SFRS10
P63104	YWHAZ	YWHAZ
P63165	SUMO1	SUMO1,SMT3C,SMT3H3,UBL1,OK/SW-cl.43
P63208	SKP1	SKP1,EMC19,OCP2,SKP1A,TCEB1L
P67809	YBX1	YBX1,NSEP1,YB1
P68366	TUBA4A	TUBA4A,TUBA1
P68371	TUBB4B	TUBB4B,TUBB2C
P68402	PAFAH1B2	PAFAH1B2,PAFAHB
P78312	FAM193A	FAM193A,C4orf8,RES4-22
P78314	SH3BP2	SH3BP2,3BP2,RES4-23
P78316	NOP14	NOP14,C4orf9,NOL14,RES4-25
P78317	RNF4	RNF4,SNURF,RES4-26
P78332	RBM6	RBM6,DEF3
P78344	EIF4G2	EIF4G2,DAP5,OK/SW-cl.75
P78345	RPP38	RPP38
P78346	RPP30	RPP30,RNASEP2
P78347	GTF2I	GTF2I,BAP135,WBSCR6
P78362	SRPK2	SRPK2
P78527	PRKDC	PRKDC,HYRC,HYRC1
P78536	ADAM17	ADAM17,CSVP,TACE
P78545	ELF3	ELF3,ERT,ESX,JEN
P78549	NTHL1	NTHL1,NTH1,OCTS3
P78559	MAP1A	MAP1A,MAP1L
P82094	TMF1	TMF1,ARA160
P83369	LSM11	LSM11
P83436	COG7	COG7,UNQ3082/PRO10013
P83916	CBX1	CBX1,CBX
P84103	SRSF3	SRSF3,SFRS3,SRP20
P85037	FOXK1	FOXK1,MNF
P85299	PRR5	PRR5,PROTOR1,PP610
P86790	CCZ1B	CCZ1B,C7orf28B
P86791	CCZ1	CCZ1,C7orf28A,CGI-43
P98082	DAB2	DAB2,DOC2
P98171	ARHGAP4	ARHGAP4,KIAA0131,RGC1,RHOGAP4
P98174	FGD1	FGD1,FGDY,ZFYVE3
P98175	RBM10	RBM10,DXS8237E,GPATC9,GPATCH9,KIAA0122
Q00341	HDLBP	HDLBP,HBP,VGL
Q00536	CDK16	CDK16,PCTAIRE1,PCTK1
Q00587	CDC42EP1	CDC42EP1,BORG5,CEP1,MSE55
Q00610	CLTC	CLTC,CLH17,CLTCL2,KIAA0034
Q00613	HSF1	HSF1,HSTF1
Q00688	FKBP3	FKBP3,FKBP25
Q00839	HNRNPU	HNRNPU,C1orf199,HNRPU,SAFA,U21.1
Q01082	SPTBN1	SPTBN1,SPTB2
Q01105	SET	SET
Q01130	SRSF2	SRSF2,SFRS2
Q01167	FOXK2	FOXK2,ILF,ILF1
Q01433	AMPD2	AMPD2
Q01518	CAP1	CAP1,CAP
Q01581	HMGCS1	HMGCS1,HMGCS
Q01664	TFAP4	TFAP4,BHLHC41
Q01804	OTUD4	OTUD4,HIN-1,KIAA1046
Q01813	PFKP	PFKP,PFKF
Q01831	XPC	XPC,XPCC
Q01850	CDR2	CDR2,PCD17
Q01970	PLCB3	PLCB3
Q02040	AKAP17A	AKAP17A,CXYorf3,DXYS155E,SFRS17A,XE7
Q02078	MEF2A	MEF2A,MEF2
Q02086	SP2	SP2,KIAA0048
Q02108	GUCY1A1	GUCY1A1,GUC1A3,GUCSA3,GUCY1A3
Q02241	KIF23	KIF23,KNSL5,MKLP1
Q02410	APBA1	APBA1,MINT1,X11
Q02447	SP3	SP3
Q02543	RPL18A	RPL18A
Q02790	FKBP4	FKBP4,FKBP52
Q02880	TOP2B	TOP2B
Q03001	DST	DST,BP230,BP240,BPAG1,DMH,DT,KIAA0728
Q03112	MECOM	MECOM,EVI1,MDS1,PRDM3
Q03164	KMT2A	KMT2A,ALL1,CXXC7,HRX,HTRX,MLL,MLL1,TRX1
Q03188	CENPC	CENPC,CENPC1,ICEN7
Q03252	LMNB2	LMNB2,LMN2
Q03468	ERCC6	ERCC6,CSB
Q04637	EIF4G1	EIF4G1,EIF4F,EIF4G,EIF4GI
Q04721	NOTCH2	NOTCH2
Q04724	TLE1	TLE1
Q04726	TLE3	TLE3,KIAA1547
Q04727	TLE4	TLE4,GRG4,KIAA1261
Q04828	AKR1C1	AKR1C1,DDH,DDH1
Q05209	PTPN12	PTPN12
Q05397	PTK2	PTK2,FAK,FAK1
Q05519	SRSF11	SRSF11,SFRS11
Q05655	PRKCD	PRKCD,PKCD
Q05D32	CTDSPL2	CTDSPL2,HSPC058,HSPC129
Q06210	GFPT1	GFPT1,GFAT,GFPT
Q06265	EXOSC9	EXOSC9,PMSCL1
Q06587	RING1	RING1,RNF1
Q07002	CDK18	CDK18,PCTAIRE3,PCTK3
Q07075	ENPEP	ENPEP
Q07157	TJP1	TJP1,ZO1
Q07666	KHDRBS1	KHDRBS1,SAM68
Q07866	KLC1	KLC1,KLC,KNS2
Q07889	SOS1	SOS1
Q07955	SRSF1	SRSF1,ASF,SF2,SF2P33,SFRS1,OK/SW-cl.3
Q07960	ARHGAP1	ARHGAP1,CDC42GAP,RHOGAP1
Q08170	SRSF4	SRSF4,SFRS4,SRP75
Q08357	SLC20A2	SLC20A2,GLVR2,PIT2
Q08379	GOLGA2	GOLGA2
Q08495	DMTN	DMTN,DMT,EPB49
Q08945	SSRP1	SSRP1,FACT80
Q08999	RBL2	RBL2,RB2
Q08AD1	CAMSAP2	CAMSAP2,CAMSAP1L1,KIAA1078
Q08J23	NSUN2	NSUN2,SAKI,TRM4
Q09161	NCBP1	NCBP1,CBP80,NCBP
Q09472	EP300	EP300,P300
Q09666	AHNAK	AHNAK,PM227
Q0JRZ9	FCHO2	FCHO2
Q12769	NUP160	NUP160,KIAA0197,NUP120
Q12770	SCAP	SCAP,KIAA0199,PSEC0227
Q12774	ARHGEF5	ARHGEF5,TIM
Q12789	GTF3C1	GTF3C1
Q12792	TWF1	TWF1,PTK9
Q12802	AKAP13	AKAP13,BRX,HT31,LBC
Q12830	BPTF	BPTF,FAC1,FALZ
Q12834	CDC20	CDC20
Q12857	NFIA	NFIA,KIAA1439
Q12872	SFSWAP	SFSWAP,SFRS8,SWAP
Q12873	CHD3	CHD3
Q12888	TP53BP1	TP53BP1
Q12893	TMEM115	TMEM115,PL6,LUCA11.2
Q12906	ILF3	ILF3,DRBF,MPHOSPH4,NF90
Q12923	PTPN13	PTPN13,PNP1,PTP1E,PTPL1
Q12929	EPS8	EPS8
Q12933	TRAF2	TRAF2,TRAP3
Q12955	ANK3	ANK3
Q12959	DLG1	DLG1
Q12982	BNIP2	BNIP2,NIP2
Q12986	NFX1	NFX1,NFX2
Q12996	CSTF3	CSTF3
Q13017	ARHGAP5	ARHGAP5,RHOGAP5
Q13029	PRDM2	PRDM2,KMT8,RIZ
Q13033	STRN3	STRN3,GS2NA,SG2NA
Q13042	CDC16	CDC16,ANAPC6
Q13043	STK4	STK4,KRS2,MST1
Q13045	FLII	FLII,FLIL
Q13057	COASY	COASY,PSEC0106
Q13085	ACACA	ACACA,ACAC,ACC1,ACCA
Q13098	GPS1	GPS1,COPS1,CSN1
Q13107	USP4	USP4,UNP,UNPH
Q13111	CHAF1A	CHAF1A,CAF,CAF1P150
Q13112	CHAF1B	CHAF1B,CAF1A,CAF1P60,MPHOSPH7,MPP7
Q13129	RLF	RLF
Q13131	PRKAA1	PRKAA1,AMPK1
Q13136	PPFIA1	PPFIA1,LIP1
Q13144	EIF2B5	EIF2B5,EIF2BE
Q13153	PAK1	PAK1
Q13177	PAK2	PAK2
Q13185	CBX3	CBX3
Q13188	STK3	STK3,KRS1,MST2
Q13200	PSMD2	PSMD2,TRAP2
Q13206	DDX10	DDX10
Q13233	MAP3K1	MAP3K1,MAPKKK1,MEKK,MEKK1
Q13242	SRSF9	SRSF9,SFRS9,SRP30C
Q13243	SRSF5	SRSF5,HRS,SFRS5,SRP40
Q13247	SRSF6	SRSF6,SFRS6,SRP55
Q13263	TRIM28	TRIM28,KAP1,RNF96,TIF1B
Q13283	G3BP1	G3BP1,G3BP
Q13286	CLN3	CLN3,BTS
Q13287	NMI	NMI
Q13309	SKP2	SKP2,FBXL1
Q13322	GRB10	GRB10,GRBIR,KIAA0207
Q13330	MTA1	MTA1
Q13371	PDCL	PDCL,PHLOP1,PhLP1
Q13409	DYNC1I2	DYNC1I2,DNCI2,DNCIC2
Q13416	ORC2	ORC2,ORC2L
Q13425	SNTB2	SNTB2,D16S2531E,SNT2B2,SNTL
Q13427	PPIG	PPIG
Q13428	TCOF1	TCOF1
Q13435	SF3B2	SF3B2,SAP145
Q13439	GOLGA4	GOLGA4
Q13442	PDAP1	PDAP1,HASPP28
Q13443	ADAM9	ADAM9,KIAA0021,MCMP,MDC9,MLTNG
Q13451	FKBP5	FKBP5,AIG6,FKBP51
Q13459	MYO9B	MYO9B,MYR5
Q13469	NFATC2	NFATC2,NFAT1,NFATP
Q13470	TNK1	TNK1
Q13480	GAB1	GAB1
Q13501	SQSTM1	SQSTM1,ORCA,OSIL
Q13506	NAB1	NAB1
Q13523	PRPF4B	PRPF4B,KIAA0536,PRP4,PRP4H,PRP4K
Q13535	ATR	ATR,FRP1
Q13541	EIF4EBP1	EIF4EBP1
Q13542	EIF4EBP2	EIF4EBP2
Q13547	HDAC1	HDAC1,RPD3L1
Q13555	CAMK2G	CAMK2G,CAMK,CAMK-II,CAMKG
Q13557	CAMK2D	CAMK2D,CAMKD
Q13561	DCTN2	DCTN2,DCTN50
Q13573	SNW1	SNW1,SKIIP,SKIP
Q13576	IQGAP2	IQGAP2
Q13586	STIM1	STIM1,GOK
Q13595	TRA2A	TRA2A
Q13596	SNX1	SNX1
Q13601	KRR1	KRR1,HRB2
Q13610	PWP1	PWP1
Q13613	MTMR1	MTMR1
Q13615	MTMR3	MTMR3,KIAA0371,ZFYVE10
Q13619	CUL4A	CUL4A
Q13620	CUL4B	CUL4B,KIAA0695
Q13625	TP53BP2	TP53BP2,ASPP2,BBP
Q13627	DYRK1A	DYRK1A,DYRK,MNB,MNBH
Q9Y463	DYRK1B	DYRK1B,MIRK
Q13671	RIN1	RIN1
Q13769	THOC5	THOC5,C22orf19,KIAA0983
Q13796	SHROOM2	SHROOM2,APXL
Q13813	SPTAN1	SPTAN1,NEAS,SPTA2
Q13838	DDX39B	DDX39B,BAT1,UAP56
Q13884	SNTB1	SNTB1,SNT2B1
Q13895	BYSL	BYSL,ENP1
Q14004	CDK13	CDK13,CDC2L,CDC2L5,CHED,KIAA1791
Q14103	HNRNPD	HNRNPD,AUF1,HNRPD
Q14126	DSG2	DSG2,CDHF5
Q14135	VGLL4	VGLL4,KIAA0121
Q14137	BOP1	BOP1,KIAA0124
Q14149	MORC3	MORC3,KIAA0136,NXP2,ZCWCC3
Q14152	EIF3A	EIF3A,EIF3S10,KIAA0139
Q14153	FAM53B	FAM53B,KIAA0140,SMP
Q14155	ARHGEF7	ARHGEF7,COOL1,KIAA0142,P85SPR,PAK3BP,PIXB,Nbla10314
Q14157	UBAP2L	UBAP2L,KIAA0144,NICE4
Q14160	SCRIB	SCRIB,CRIB1,KIAA0147,LAP4,SCRB1,VARTUL
Q14166	TTLL12	TTLL12,KIAA0153
Q14181	POLA2	POLA2
Q14185	DOCK1	DOCK1
Q14186	TFDP1	TFDP1,DP1
Q14188	TFDP2	TFDP2,DP2
Q14195	DPYSL3	DPYSL3,CRMP4,DRP3,ULIP,ULIP1
Q14202	ZMYM3	ZMYM3,DXS6673E,KIAA0385,ZNF261
Q14204	DYNC1H1	DYNC1H1,DHC1,DNCH1,DNCL,DNECL,DYHC,KIAA0325
Q14241	ELOA	ELOA,TCEB3,MSTP059
Q14244	MAP7	MAP7
Q14247	CTTN	CTTN,EMS1
Q14258	TRIM25	TRIM25,EFP,RNF147,ZNF147
Q14451	GRB7	GRB7
Q14498	RBM39	RBM39,HCC1,RNPC2
Q14517	FAT1	FAT1,CDHF7,FAT
Q14541	HNF4G	HNF4G,NR2A2
Q14542	SLC29A2	SLC29A2,DER12,ENT2,HNP36
Q14558	PRPSAP1	PRPSAP1
Q14562	DHX8	DHX8,DDX8
Q14566	MCM6	MCM6
Q14568	HSP90AA2P	HSP90AA2P,HSP90AA2,HSPCAL3
Q14573	ITPR3	ITPR3
Q14644	RASA3	RASA3
Q14669	TRIP12	TRIP12,KIAA0045,ULF
Q14671	PUM1	PUM1,KIAA0099,PUMH1
Q14676	MDC1	MDC1,KIAA0170,NFBD1
Q14677	CLINT1	CLINT1,ENTH,EPN4,EPNR,KIAA0171
Q14678	KANK1	KANK1,ANKRD15,KANK,KIAA0172
Q14680	MELK	MELK,KIAA0175
Q14684	RRP1B	RRP1B,KIAA0179
Q14686	NCOA6	NCOA6,AIB3,KIAA0181,RAP250,TRBP
Q14687	GSE1	GSE1,KIAA0182
Q14692	BMS1	BMS1,BMS1L,KIAA0187
Q14694	USP10	USP10,KIAA0190
Q14738	PPP2R5D	PPP2R5D
Q14739	LBR	LBR
Q14764	MVP	MVP,LRP
Q14789	GOLGB1	GOLGB1
Q147X3	NAA30	NAA30,C14orf35,MAK3,NAT12
Q14802	FXYD3	FXYD3,MAT8,PLML
Q14814	MEF2D	MEF2D
Q14839	CHD4	CHD4
Q14847	LASP1	LASP1,MLN50
Q14865	ARID5B	ARID5B,DESRT,MRF2
Q14938	NFIX	NFIX
Q14966	ZNF638	ZNF638,NP220,ZFML
Q14978	NOLC1	NOLC1,KIAA0035,NS5ATP13
Q14980	NUMA1	NUMA1,NMP22,NUMA
Q14993	COL19A1	COL19A1
Q14BN4	SLMAP	SLMAP,KIAA1601,SLAP,UNQ1847/PRO3577
Q14C86	GAPVD1	GAPVD1,GAPEX5,KIAA1521,RAP6
Q14CZ0	TAPR1	TAPR1,C16orf72
Q14CZ8	HEPACAM	HEPACAM
Q15003	NCAPH	NCAPH,BRRN,BRRN1,CAPH,KIAA0074
Q15007	WTAP	WTAP,KIAA0105
Q15019	SEPTIN2	SEPTIN2,DIFF6,KIAA0158,NEDD5,SEPT2
Q15020	SART3	SART3,KIAA0156,TIP110
Q15021	NCAPD2	NCAPD2,CAPD2,CNAP1,KIAA0159
Q15022	SUZ12	SUZ12,CHET9,JJAZ1,KIAA0160
Q15024	EXOSC7	EXOSC7,KIAA0116,RRP42
Q15032	R3HDM1	R3HDM1,KIAA0029,R3HDM
Q15036	SNX17	SNX17,KIAA0064
Q15042	RAB3GAP1	RAB3GAP1,KIAA0066,RAB3GAP
Q15047	SETDB1	SETDB1,ESET,KIAA0067,KMT1E
Q15054	POLD3	POLD3,KIAA0039
Q15057	ACAP2	ACAP2,CENTB2,KIAA0041
Q15059	BRD3	BRD3,KIAA0043,RING3L
Q15061	WDR43	WDR43,KIAA0007,UTP5
Q15067	ACOX1	ACOX1,ACOX
Q15084	PDIA6	PDIA6,ERP5,P5,TXNDC7
Q15121	PEA15	PEA15
Q15149	PLEC	PLEC,PLEC1
Q15154	PCM1	PCM1
Q15185	PTGES3	PTGES3,P23,TEBP
Q15223	NECTIN1	NECTIN1,HVEC,PRR1,PVRL1
Q15233	NONO	NONO,NRB54
Q15262	PTPRK	PTPRK,PTPK
Q15276	RABEP1	RABEP1,RAB5EP,RABPT5,RABPT5A
Q15311	RALBP1	RALBP1,RLIP,RLIP1,RLIP76
Q15345	LRRC41	LRRC41,MUF1,PP7759
Q15365	PCBP1	PCBP1
Q15366	PCBP2	PCBP2
Q15388	TOMM20	TOMM20,KIAA0016
Q15390	MTFR1	MTFR1,CHPPR,FAM54A2,KIAA0009
Q15393	SF3B3	SF3B3,KIAA0017,SAP130
Q15418	RPS6KA1	RPS6KA1,MAPKAPK1A,RSK1
Q15424	SAFB	SAFB,HAP,HET,SAFB1
Q15435	PPP1R7	PPP1R7,SDS22
Q15459	SF3A1	SF3A1,SAP114
Q15464	SHB	SHB
Q15477	SKIV2L	SKIV2L,DDX13,SKI2W,SKIV2,W
Q15527	SURF2	SURF2
Q15545	TAF7	TAF7,TAF2F,TAFII55
Q15554	TERF2	TERF2,TRBF2,TRF2
Q15572	TAF1C	TAF1C
Q15596	NCOA2	NCOA2,BHLHE75,SRC2,TIF2
Q15629	TRAM1	TRAM1,TRAM
Q15637	SF1	SF1,ZFM1,ZNF162
Q15642	TRIP10	TRIP10,CIP4,STOT,STP
Q15643	TRIP11	TRIP11,CEV14
Q15648	MED1	MED1,ARC205,CRSP1,CRSP200,DRIP205,DRIP230,PBP,PPARBP,PPARGBP,RB18A,TRAP220,TRIP2
Q15649	ZNHIT3	ZNHIT3,TRIP3
Q15651	HMGN3	HMGN3,TRIP7,PNAS-24
Q15652	JMJD1C	JMJD1C,JHDM2C,KIAA1380,TRIP8
Q15678	PTPN14	PTPN14,PEZ,PTPD2
Q15696	ZRSR2	ZRSR2,U2AF1-RS2,U2AF1L2,U2AF1RS2,URP
Q15717	ELAVL1	ELAVL1,HUR
Q15742	NAB2	NAB2,MADER
Q15773	MLF2	MLF2
Q15776	ZKSCAN8	ZKSCAN8,ZNF192
Q15785	TOMM34	TOMM34,URCC3
Q15796	SMAD2	SMAD2,MADH2,MADR2
Q15811	ITSN1	ITSN1,ITSN,SH3D1A
Q15831	STK11	STK11,LKB1,PJS
Q15833	STXBP2	STXBP2,UNC18B
Q15910	EZH2	EZH2,KMT6
Q15942	ZYX	ZYX
Q16181	SEPTIN7	SEPTIN7,CDC10,SEPT7
Q16186	ADRM1	ADRM1,GP110
Q16204	CCDC6	CCDC6,D10S170,TST1
Q16512	PKN1	PKN1,PAK1,PKN,PRK1,PRKCL1
Q16513	PKN2	PKN2,PRK2,PRKCL2
Q16514	TAF12	TAF12,TAF15,TAF2J,TAFII20
Q16537	PPP2R5E	PPP2R5E
Q16539	MAPK14	MAPK14,CSBP,CSBP1,CSBP2,CSPB1,MXI2,SAPK2A
Q16543	CDC37	CDC37,CDC37A
Q16555	DPYSL2	DPYSL2,CRMP2,ULIP2
Q16584	MAP3K11	MAP3K11,MLK3,PTK1,SPRK
Q16625	OCLN	OCLN
Q16629	SRSF7	SRSF7,SFRS7
Q16630	CPSF6	CPSF6,CFIM68
Q16637	SMN1	SMN1,SMN,SMNT;,SMN2,SMNC
Q16643	DBN1	DBN1,D0S117E
Q16649	NFIL3	NFIL3,E4BP4,IL3BP1
Q16656	NRF1	NRF1
Q16659	MAPK6	MAPK6,ERK3,PRKM6
Q16666	IFI16	IFI16,IFNGIP1
Q16875	PFKFB3	PFKFB3
Q17R98	ZNF827	ZNF827
Q18PE1	DOK7	DOK7,C4orf25
Q1ED39	KNOP1	KNOP1,C16orf88,FAM191A,TSG118
Q1HG44	DUOXA2	DUOXA2
Q1KMD3	HNRNPUL2	HNRNPUL2,HNRPUL2
Q1MSJ5	CSPP1	CSPP1,CSPP
Q1W6H9	FAM110C	FAM110C
Q27J81	INF2	INF2,C14orf151,C14orf173
Q29RF7	PDS5A	PDS5A,KIAA0648,PDS5,PIG54
Q2KHR2	RFX7	RFX7,RFXDC2
Q2KHR3	QSER1	QSER1
Q2LD37	KIAA1109	KIAA1109,FSA,KIAA1371
Q2M2I3	FAM83E	FAM83E
Q2M2I8	AAK1	AAK1,KIAA1048
Q2M389	WASHC4	WASHC4,KIAA1033
Q2M3G4	SHROOM1	SHROOM1,APXL2,KIAA1960
Q2M3V2	SOWAHA	SOWAHA,ANKRD43
Q2NKX8	ERCC6L	ERCC6L,PICH
Q2PPJ7	RALGAPA2	RALGAPA2,C20orf74,KIAA1272
Q2TAL8	QRICH1	QRICH1
Q2TAM9	TUSC1	TUSC1
Q2TB10	ZNF800	ZNF800,PP902
Q2TBE0	CWF19L2	CWF19L2
Q2VPK5	CTU2	CTU2,C16orf84,NCS2
Q2YD98	UVSSA	UVSSA,KIAA1530
Q32MZ4	LRRFIP1	LRRFIP1,GCF2,TRIP
Q32P44	EML3	EML3
Q3B726	POLR1F	POLR1F,TWISTNB
Q3KQU3	MAP7D1	MAP7D1,KIAA1187,PARCC1,RPRC1,PP2464
Q3KR16	PLEKHG6	PLEKHG6
Q3MHD2	LSM12	LSM12
Q3MIN7	RGL3	RGL3
Q3MJ62	ZSCAN23	ZSCAN23,ZNF390,ZNF453
Q3SY56	SP6	SP6,KLF14
Q3V6T2	CCDC88A	CCDC88A,APE,GRDN,KIAA1212
Q3YBM2	TMEM176B	TMEM176B,LR8
Q3YBR2	TBRG1	TBRG1,NIAM
Q3YEC7	RABL6	RABL6,C9orf86,PARF
Q3ZCW2	LGALSL	LGALSL,GRP,HSPC159
Q494U1	PLEKHN1	PLEKHN1,CLPABP
Q49A26	GLYR1	GLYR1,HIBDL,NDF,NP60,NPAC
Q4G0J3	LARP7	LARP7,HDCMA18P
Q4KMP7	TBC1D10B	TBC1D10B,FP2461
Q4KMQ1	TPRN	TPRN,C9orf75
Q4KWH8	PLCH1	PLCH1,KIAA1069,PLCL3
Q4LE39	ARID4B	ARID4B,BRCAA1,RBBP1L1,RBP1L1,SAP180
Q52LA3	LIN52	LIN52,C14orf46
Q52LR7	EPC2	EPC2
Q52LW3	ARHGAP29	ARHGAP29,PARG1
Q53EL6	PDCD4	PDCD4,H731
Q53ET0	CRTC2	CRTC2,TORC2
Q53EU6	GPAT3	GPAT3,AGPAT9,MAG1,HMFN0839,UNQ2753/PRO6492
Q53EZ4	CEP55	CEP55,C10orf3,URCC6
Q53F19	NCBP3	NCBP3,C17orf85
Q53GA4	PHLDA2	PHLDA2,BWR1C,HLDA2,IPL,TSSC3
Q53GL7	PARP10	PARP10
Q53GS7	GLE1	GLE1,GLE1L
Q53GS9	USP39	USP39,CGI-21,HSPC332,PRO2855
Q53GT1	KLHL22	KLHL22
Q53H80	AKIRIN2	AKIRIN2,C6orf166
Q53HC9	EIPR1	EIPR1,TSSC1
Q53HL2	CDCA8	CDCA8,PESCRG3
Q53LP3	SOWAHC	SOWAHC,ANKRD57,C2orf26
Q53RY4	KRTCAP3	KRTCAP3,KCP3,UNQ3066/PRO9898
Q53SF7	COBLL1	COBLL1,KIAA0977
Q53T59	HS1BP3	HS1BP3
Q58A45	PAN3	PAN3
Q58FG0	HSP90AA5P	HSP90AA5P,HSP90AE
Q5BJD5	TMEM41B	TMEM41B,KIAA0033
Q5BKX6	SLC45A4	SLC45A4,KIAA1126
Q5BKY9	FAM133B	FAM133B
Q5C9Z4	NOM1	NOM1,C7orf3
Q5F1R6	DNAJC21	DNAJC21,DNAJA5
Q5FBB7	SGO1	SGO1,SGOL1
Q5H9R7	PPP6R3	PPP6R3,C11orf23,KIAA1558,PP6R3,SAPL,SAPS3
Q5HYJ3	FAM76B	FAM76B
Q5HYK7	SH3D19	SH3D19
Q5JR12	PPM1J	PPM1J,PPP2CZ
Q5JSH3	WDR44	WDR44,RPH11
Q5JSP0	FGD3	FGD3,ZFYVE5
Q5JSZ5	PRRC2B	PRRC2B,BAT2L,BAT2L1,KIAA0515
Q5JTD0	TJAP1	TJAP1,PILT,TJP4
Q5JTH9	RRP12	RRP12,KIAA0690
Q5JTV8	TOR1AIP1	TOR1AIP1,LAP1
Q5JU85	IQSEC2	IQSEC2,KIAA0522
Q5JVS0	HABP4	HABP4
Q5PRF9	SAMD4B	SAMD4B,SMAUG2
Q5PSV4	BRMS1L	BRMS1L
Q5QJE6	DNTTIP2	DNTTIP2,ERBP,TDIF2
Q5QP82	DCAF10	DCAF10,WDR32
Q5R372	RABGAP1L	RABGAP1L,HHL,KIAA0471
Q5R3I4	TTC38	TTC38
Q5SNT2	TMEM201	TMEM201,NET5,SAMP1
Q5SQI0	ATAT1	ATAT1,C6orf134,MEC17,Nbla00487
Q5SRE5	NUP188	NUP188,KIAA0169
Q5SSJ5	HP1BP3	HP1BP3
Q5SW79	CEP170	CEP170,FAM68A,KAB,KIAA0470
Q5SY16	NOL9	NOL9
Q5SYE7	NHSL1	NHSL1,C6orf63,KIAA1357
Q5T0N5	FNBP1L	FNBP1L,C1orf39,TOCA1
Q5T0W9	FAM83B	FAM83B,C6orf143
Q5T0Z8	C6orf132	C6orf132
Q5T1M5	FKBP15	FKBP15,KIAA0674
Q5T200	ZC3H13	ZC3H13,KIAA0853
Q5T2D3	OTUD3	OTUD3,KIAA0459
Q5T3I0	GPATCH4	GPATCH4,GPATC4
Q5T4S7	UBR4	UBR4,KIAA0462,KIAA1307,RBAF600,ZUBR1
Q5T5C0	STXBP5	STXBP5,LLGL3
Q5T5P2	KIAA1217	KIAA1217,SKT
Q5T5U3	ARHGAP21	ARHGAP21,ARHGAP10,KIAA1424
Q5T5X7	BEND3	BEND3,KIAA1553
Q5T5Y3	CAMSAP1	CAMSAP1
Q5T6F2	UBAP2	UBAP2,KIAA1491
Q5T8P6	RBM26	RBM26,C13orf10,PRO1777
Q5TAA0	TTC22	TTC22
Q5TAQ9	DCAF8	DCAF8,H326,WDR42A
Q5TBA9	FRY	FRY,C13orf14
Q5TC82	RC3H1	RC3H1,KIAA2025,RNF198
Q5TCQ9	MAGI3	MAGI3,KIAA1634
Q5TCX8	MAP3K21	MAP3K21,KIAA1804,MLK4
Q5TCZ1	SH3PXD2A	SH3PXD2A,FISH,KIAA0418,SH3MD1,TKS5
Q5TDH0	DDI2	DDI2
Q5TH69	ARFGEF3	ARFGEF3,BIG3,C6orf92,KIAA1244
Q5THJ4	VPS13D	VPS13D,KIAA0453
Q5TZA2	CROCC	CROCC,KIAA0445
Q5UIP0	RIF1	RIF1
Q5VSL9	STRIP1	STRIP1,FAM40A,KIAA1761
Q5VT06	CEP350	CEP350,CAP350,KIAA0480,GM133
Q5VT25	CDC42BPA	CDC42BPA,KIAA0451
Q5VT52	RPRD2	RPRD2,KIAA0460,HSPC099
Q5VTL8	PRPF38B	PRPF38B
Q5VTR2	RNF20	RNF20,BRE1A
Q5VUA4	ZNF318	ZNF318,HRIHFB2436
Q5VUB5	FAM171A1	FAM171A1,APCN,C10orf38
Q5VV41	ARHGEF16	ARHGEF16,EPHEXIN4,NBR
Q5VVJ2	MYSM1	MYSM1,KIAA1915
Q5VWN6	TASOR2	TASOR2,C10orf18,FAM208B,KIAA2006
Q5VWQ8	DAB2IP	DAB2IP,AF9Q34,AIP1,KIAA1743
Q5VYS8	TUT7	TUT7,HS2,KIAA1711,ZCCHC6
Q5VYV7	SLX4IP	SLX4IP,C20orf94
Q5VZ89	DENND4C	DENND4C,C9orf55,C9orf55B
Q5VZK9	CARMIL1	CARMIL1,CARMIL,LRRC16,LRRC16A
Q5VZL5	ZMYM4	ZMYM4,KIAA0425,ZNF262
Q5W0B1	OBI1	OBI1,C13orf7,RNF219
Q5XPI4	RNF123	RNF123,KPC1,FP1477
Q5XUX1	FBXW9	FBXW9,FBW9
Q5ZPR3	CD276	CD276,B7H3,PSEC0249,UNQ309/PRO352
Q63HN8	RNF213	RNF213,ALO17,C17orf27,KIAA1554,KIAA1618,MYSTR
Q63HQ0	AP1AR	AP1AR,C4orf16,PRO0971
Q63ZY3	KANK2	KANK2,ANKRD25,KIAA1518,MXRA3,SIP
Q63ZY6	NSUN5P2	NSUN5P2,NSUN5C,WBSCR20B,WBSCR20C
Q641Q2	WASHC2A	WASHC2A,FAM21A,FAM21B
Q658Y4	FAM91A1	FAM91A1
Q659C4	LARP1B	LARP1B,LARP2
Q66K64	DCAF15	DCAF15,C19orf72
Q66K74	MAP1S	MAP1S,BPY2IP1,C19orf5,MAP8,VCY2IP1
Q66PJ3	ARL6IP4	ARL6IP4
Q676U5	ATG16L1	ATG16L1,APG16L,UNQ9393/PRO34307
Q68CZ2	TNS3	TNS3,TEM6,TENS1,TPP
Q68DK2	ZFYVE26	ZFYVE26,KIAA0321
Q68DK7	MSL1	MSL1,MSL1L1
Q68E01	INTS3	INTS3,C1orf193,C1orf60
Q68EM7	ARHGAP17	ARHGAP17,RICH1,MSTP066,MSTP110
Q69YH5	CDCA2	CDCA2
Q69YN4	VIRMA	VIRMA,KIAA1429,MSTP054
Q69YQ0	SPECC1L	SPECC1L,CYTSA,KIAA0376
Q6DCA0	AMMECR1L	AMMECR1L
Q6DN12	MCTP2	MCTP2
Q6DN90	IQSEC1	IQSEC1,ARFGEP100,BRAG2,KIAA0763
Q6DT37	CDC42BPG	CDC42BPG,DMPK2
Q6EEV4	POLR2M	POLR2M,GRINL1A
Q6FI81	CIAPIN1	CIAPIN1,CUA001,PRO0915
Q6GQQ9	OTUD7B	OTUD7B,ZA20D1
Q6GYQ0	RALGAPA1	RALGAPA1,GARNL1,KIAA0884,TULIP1
Q6H8Q1	ABLIM2	ABLIM2,KIAA1808
Q6I9Y2	THOC7	THOC7,NIF3L1BP1
Q6IAA8	LAMTOR1	LAMTOR1,C11orf59,PDRO,PP7157
Q6IBW4	NCAPH2	NCAPH2,CAPH2
Q6IC98	GRAMD4	GRAMD4,DIP,KIAA0767
Q6ICG6	KIAA0930	KIAA0930,C22orf9
Q6IN85	PPP4R3A	PPP4R3A,KIAA2010,PP4R3A,SMEK1,MSTP033
Q6IPM2	IQCE	IQCE,KIAA1023
Q6IQ19	CCSAP	CCSAP,C1orf96,CSAP
Q6IQ22	RAB12	RAB12
Q6IQ23	PLEKHA7	PLEKHA7
Q6IQ49	SDE2	SDE2,C1orf55
Q6ISB3	GRHL2	GRHL2,BOM,TFCP2L3
Q6KC79	NIPBL	NIPBL,IDN3,SCC2
Q6L8Q7	PDE12	PDE12
Q6MZP7	LIN54	LIN54,CXCDC1,KIAA2037
Q6N043	ZNF280D	ZNF280D,KIAA1584,SUHW4,ZNF634
Q6NV74	CRACDL	CRACDL,C2orf55,KIAA1211L
Q6NWY9	PRPF40B	PRPF40B,HYPC
Q6NXG1	ESRP1	ESRP1,RBM35A
Q6NXT1	ANKRD54	ANKRD54,LIAR
Q6NZY4	ZCCHC8	ZCCHC8
Q6P0N0	MIS18BP1	MIS18BP1,C14orf106,KIAA1903,KNL2,M18BP1
Q6P0Q8	MAST2	MAST2,KIAA0807,MAST205
Q6P158	DHX57	DHX57
Q6P1L5	FAM117B	FAM117B,ALS2CR13
Q6P1M3	LLGL2	LLGL2
Q6P1N0	CC2D1A	CC2D1A,AKI1
Q6P1Q9	METTL2B	METTL2B
Q6P1X5	TAF2	TAF2,CIF150,TAF2B
Q6P2E9	EDC4	EDC4,HEDLS
Q6P2H3	CEP85	CEP85,CCDC21
Q6P4Q7	CNNM4	CNNM4,ACDP4,KIAA1592
Q6P4R8	NFRKB	NFRKB,INO80G
Q6P597	KLC3	KLC3,KLC2,KLC2L
Q6P5R6	RPL22L1	RPL22L1
Q6P6C2	ALKBH5	ALKBH5,ABH5,OFOXD1
Q6P996	PDXDC1	PDXDC1,KIAA0251
Q6PCB5	RSBN1L	RSBN1L
Q6PCE3	PGM2L1	PGM2L1,BM32A
Q6PD62	CTR9	CTR9,KIAA0155,SH2BP1
Q6PEV8	FAM199X	FAM199X,CXorf39
Q6PFW1	PPIP5K1	PPIP5K1,HISPPD2A,IP6K,IPS1,KIAA0377,VIP1
Q6PGN9	PSRC1	PSRC1,DDA3,FP3214
Q6PHR2	ULK3	ULK3
Q6PID6	TTC33	TTC33
Q6PIF6	MYO7B	MYO7B
Q6PIY7	TENT2	TENT2,GLD2,PAPD4
Q6PJF5	RHBDF2	RHBDF2,IRHOM2,RHBDL5,RHBDL6
Q6PJG2	MIDEAS	MIDEAS,C14orf117,C14orf43,ELMSAN1
Q6PJI9	WDR59	WDR59,KIAA1923,FP977
Q6PJT7	ZC3H14	ZC3H14
Q6PK04	CCDC137	CCDC137,cPERP-B
Q6PKG0	LARP1	LARP1,KIAA0731,LARP
Q6PL18	ATAD2	ATAD2,L16,PRO2000
Q6QNY0	BLOC1S3	BLOC1S3,BLOS3
Q6R327	RICTOR	RICTOR,KIAA1999
Q6SPF0	SAMD1	SAMD1
Q6T4R5	NHS	NHS
Q6UB99	ANKRD11	ANKRD11,ANCO1
Q6ULP2	AFTPH	AFTPH,AFTH
Q6UN15	FIP1L1	FIP1L1,FIP1,RHE
Q6UUV7	CRTC3	CRTC3,TORC3
Q6UUV9	CRTC1	CRTC1,KIAA0616,MECT1,TORC1,WAMTP1
Q6UWZ7	ABRAXAS1	ABRAXAS1,ABRA1,CCDC98,FAM175A,UNQ496/PRO1013
Q6UXY1	BAIAP2L2	BAIAP2L2,UNQ9336/PRO34007
Q6VMQ6	ATF7IP	ATF7IP,MCAF,MCAF1
Q6VN20	RANBP10	RANBP10,KIAA1464
Q6VY07	PACS1	PACS1,KIAA1175
Q6W2J9	BCOR	BCOR,KIAA1575
Q6WCQ1	MPRIP	MPRIP,KIAA0864,MRIP,RHOIP3
Q6WKZ4	RAB11FIP1	RAB11FIP1,RCP
Q6XQN6	NAPRT	NAPRT,FHIP,NAPRT1
Q6Y7W6	GIGYF2	GIGYF2,KIAA0642,PERQ2,TNRC15
Q6ZN18	AEBP2	AEBP2
Q6ZN28	MACC1	MACC1
Q6ZN55	ZNF574	ZNF574
Q6ZNC4	ZNF704	ZNF704
Q6ZNJ1	NBEAL2	NBEAL2,KIAA0540,UNQ253/PRO290
Q6ZRS2	SRCAP	SRCAP,KIAA0309
Q6ZRV2	FAM83H	FAM83H
Q6ZS17	RIPOR1	RIPOR1,FAM65A,KIAA1930
Q6ZSR9	NA	NA
Q6ZSS7	MFSD6	MFSD6,MMR2
Q6ZSZ5	ARHGEF18	ARHGEF18,KIAA0521
Q6ZTQ3	RASSF6	RASSF6
Q6ZU35	CRACD	CRACD,CRAD,KIAA1211
Q6ZU65	UBN2	UBN2,KIAA2030
Q6ZUM4	ARHGAP27	ARHGAP27,CAMGAP1,SH3D20,PP905
Q6ZUT6	CCDC9B	CCDC9B,C15orf52
Q6ZVM7	TOM1L2	TOM1L2
Q6ZWT7	MBOAT2	MBOAT2,LPCAT4,OACT2
Q709C8	VPS13C	VPS13C,KIAA1421
Q70CQ2	USP34	USP34,KIAA0570,KIAA0729
Q70EL1	USP54	USP54,C10orf29
Q71F23	CENPU	CENPU,ICEN24,KLIP1,MLF1IP,PBIP1
Q71F56	MED13L	MED13L,KIAA1025,PROSIT240,THRAP2,TRAP240L
Q71RC2	LARP4	LARP4,PP13296
Q71U36	TUBA1A	TUBA1A,TUBA3
Q71UM5	RPS27L	RPS27L
Q765P7	MTSS2	MTSS2,MTSS1L
Q76FK4	NOL8	NOL8,C9orf34,NOP132
Q76L83	ASXL2	ASXL2,ASXH2,KIAA1685
Q7KZ85	SUPT6H	SUPT6H,KIAA0162,SPT6H
Q7KZF4	SND1	SND1,TDRD11
Q7KZI7	MARK2	MARK2,EMK1
Q7L1V2	MON1B	MON1B,HSRG1,KIAA0872,SAND2
Q7L2J0	MEPCE	MEPCE,BCDIN3
Q7L4I2	RSRC2	RSRC2
Q7L5N7	LPCAT2	LPCAT2,AGPAT11,AYTL1
Q7L7X3	TAOK1	TAOK1,KIAA1361,MAP3K16,MARKK
Q7L804	RAB11FIP2	RAB11FIP2,KIAA0941
Q7L8J4	SH3BP5L	SH3BP5L,KIAA1720,UNQ2766/PRO7133
Q7L9B9	EEPD1	EEPD1,KIAA1706
Q7LBC6	KDM3B	KDM3B,C5orf7,JHDM2B,JMJD1B,KIAA1082
Q7RTP6	MICAL3	MICAL3,KIAA0819,KIAA1364
Q7Z2E3	APTX	APTX,AXA1
Q7Z2W4	ZC3HAV1	ZC3HAV1,ZC3HDC2,PRO1677
Q7Z2Z1	TICRR	TICRR,C15orf42
Q7Z309	PABIR2	PABIR2,FAM122B
Q7Z333	SETX	SETX,ALS4,KIAA0625,SCAR1
Q7Z3B3	KANSL1	KANSL1,CENP-36,KIAA1267,MSL1V1,NSL1
Q7Z3C6	ATG9A	ATG9A,APG9L1
Q7Z3E2	CCDC186	CCDC186,C10orf118
Q7Z3K3	POGZ	POGZ,KIAA0461,SUHW5,ZNF280E,ZNF635,Nbla00003
Q7Z3U7	MON2	MON2,KIAA1040,SF21
Q7Z401	DENND4A	DENND4A,IRLB,MYCPBP
Q7Z404	TMC4	TMC4
Q7Z406	MYH14	MYH14,KIAA2034,FP17425
Q7Z417	NUFIP2	NUFIP2,KIAA1321,PIG1
Q7Z422	SZRD1	SZRD1,C1orf144
Q7Z434	MAVS	MAVS,IPS1,KIAA1271,VISA
Q7Z460	CLASP1	CLASP1,KIAA0622,MAST1
Q7Z478	DHX29	DHX29,DDX29
Q7Z4H7	HAUS6	HAUS6,DGT6,FAM29A,KIAA1574
Q7Z4S6	KIF21A	KIF21A,KIAA1708,KIF2
Q7Z4V5	HDGFL2	HDGFL2,HDGF2,HDGFRP2,HRP2,UNQ785/PRO1604
Q7Z569	BRAP	BRAP,RNF52
Q7Z589	EMSY	EMSY,C11orf30,GL002
Q7Z5J4	RAI1	RAI1,KIAA1820
Q7Z5K2	WAPL	WAPL,FOE,KIAA0261,WAPAL
Q7Z5L9	IRF2BP2	IRF2BP2
Q7Z699	SPRED1	SPRED1
Q7Z6E9	RBBP6	RBBP6,P2PR,PACT,RBQ1,My038
Q7Z6Z7	HUWE1	HUWE1,KIAA0312,KIAA1578,UREB1,HSPC272
Q86TB9	PATL1	PATL1,OK/KNS-cl.5
Q86TG7	PEG10	PEG10,EDR,KIAA1051e,MAR2,MART2,MEF3L1,RGAG3
Q86TI0	TBC1D1	TBC1D1,KIAA1108
Q86TM6	SYVN1	SYVN1,HRD1,KIAA1810
Q86TN4	TRPT1	TRPT1
Q86U06	RBM23	RBM23,RNPC4,PP239
Q86U42	PABPN1	PABPN1,PAB2,PABP2
Q86U44	METTL3	METTL3,MTA70
Q86U86	PBRM1	PBRM1,BAF180,PB1
Q86U90	YRDC	YRDC,DRIP3,IRIP
Q86UE4	MTDH	MTDH,AEG1,LYRIC
Q86UE8	TLK2	TLK2
Q86UP2	KTN1	KTN1,CG1,KIAA0004
Q86UT5	PDZD3	PDZD3,IKEPP,NHERF4,PDZK2,DLNB27
Q86UU0	BCL9L	BCL9L,DLNB11
Q86UU1	PHLDB1	PHLDB1,KIAA0638,LL5A,DLNB07
Q86UX6	STK32C	STK32C,YANK3
Q86V15	CASZ1	CASZ1,CST,SRG,ZNF693
Q86V48	LUZP1	LUZP1
Q86VM9	ZC3H18	ZC3H18,NHN1
Q86VP3	PACS2	PACS2,KIAA0602,PACS1L
Q86VQ1	GLCCI1	GLCCI1
Q86VQ6	TXNRD3	TXNRD3,TGR,TRXR3
Q86VR2	RETREG3	RETREG3,FAM134C
Q86VX9	MON1A	MON1A,SAND1
Q86W56	PARG	PARG
Q86W92	PPFIBP1	PPFIBP1,KIAA1230
Q86WB0	ZC3HC1	ZC3HC1,NIPA,HSPC216
Q86WR0	CCDC25	CCDC25
Q86WR7	PROSER2	PROSER2,C10orf47
Q86X10	RALGAPB	RALGAPB,KIAA1219
Q86X27	RALGPS2	RALGPS2
Q86X29	LSR	LSR,ILDR3,LISCH
Q86X53	ERICH1	ERICH1,HSPC319
Q86X95	CIR1	CIR1,CIR
Q86XJ1	GAS2L3	GAS2L3
Q86XL3	ANKLE2	ANKLE2,KIAA0692,LEM4
Q86XN7	PROSER1	PROSER1,C13orf23,KIAA2032
Q86XP3	DDX42	DDX42
Q86Y82	STX12	STX12
Q86YC2	PALB2	PALB2,FANCN
Q86YP4	GATAD2A	GATAD2A
Q86YR7	MCF2L2	MCF2L2,DRG,KIAA0861
Q86YS7	C2CD5	C2CD5,CDP138,KIAA0528
Q86YV5	PRAG1	PRAG1,SGK223
Q86Z02	HIPK1	HIPK1,KIAA0630,MYAK,NBAK2
Q9H2X6	HIPK2	HIPK2
Q8IU81	IRF2BP1	IRF2BP1
Q8IUD2	ERC1	ERC1,ELKS,KIAA1081,RAB6IP2
Q8IV36	HID1	HID1,C17orf28,DMC1
Q8IV50	LYSMD2	LYSMD2
Q8IV56	PRR15	PRR15
Q8IV63	VRK3	VRK3
Q8IVF2	AHNAK2	AHNAK2,C14orf78,KIAA2019
Q8IVF7	FMNL3	FMNL3,FHOD3,FRL2,KIAA2014,WBP3
Q8IVH2	FOXP4	FOXP4,FKHLA
Q8IVH8	MAP4K3	MAP4K3,RAB8IPL1
Q8IVL1	NAV2	NAV2,HELAD1,KIAA1419,POMFIL2,RAINB1,STEERIN2
Q8IVP5	FUNDC1	FUNDC1
Q8IVT2	MISP	MISP,C19orf21
Q8IVT5	KSR1	KSR1,KSR
Q8IWA0	WDR75	WDR75,UTP17
Q8IWB9	TEX2	TEX2,KIAA1738,TMEM96
Q8IWI9	MGA	MGA,KIAA0518,MAD5
Q8IWS0	PHF6	PHF6,CENP-31,KIAA1823
Q8IWU2	LMTK2	LMTK2,AATYK2,BREK,KIAA1079,KPI2,LMR2
Q8IWW6	ARHGAP12	ARHGAP12
Q8IWX8	CHERP	CHERP,DAN26,SCAF6
Q8IWZ3	ANKHD1	ANKHD1,KIAA1085,MASK,VBARP,PP2500
Q8IWZ8	SUGP1	SUGP1,SF4
Q8IX12	CCAR1	CCAR1,CARP1,DIS
Q8IX15	HOMEZ	HOMEZ,KIAA1443
Q8IXM2	BAP18	BAP18,C17orf49
Q8IXQ3	C9orf40	C9orf40
Q8IXQ4	GPALPP1	GPALPP1,KIAA1704,LSR7,AD029
Q8IXT5	RBM12B	RBM12B
Q8IY33	MICALL2	MICALL2,JRAB
Q8IY57	YAF2	YAF2
Q8IY67	RAVER1	RAVER1,KIAA1978
Q8IY81	FTSJ3	FTSJ3,SB92
Q8IY92	SLX4	SLX4,BTBD12,KIAA1784,KIAA1987
Q8IYB3	SRRM1	SRRM1,SRM160
Q8IYB7	DIS3L2	DIS3L2,FAM6A
Q8IYH5	ZZZ3	ZZZ3
Q8IYJ3	SYTL1	SYTL1,SLP1,SB146
Q8IZ21	PHACTR4	PHACTR4,PRO2963
Q8IZ40	RCOR2	RCOR2
Q8IZ69	TRMT2A	TRMT2A
Q8IZ73	RPUSD2	RPUSD2,C15orf19
Q8IZD4	DCP1B	DCP1B
Q8IZL8	PELP1	PELP1,HMX3,MNAR
Q8IZP0	ABI1	ABI1,SSH3BP1
Q8IZQ1	WDFY3	WDFY3,KIAA0993
Q8IZR5	CMTM4	CMTM4,CKLFSF4
Q8IZW8	TNS4	TNS4,CTEN,PP14434
Q8N0Y2	ZNF444	ZNF444,EZF2,ZSCAN17
Q8N0Z3	SPICE1	SPICE1,CCDC52,SPICE
Q8N108	MIER1	MIER1,KIAA1610
Q8N118	CYP4X1	CYP4X1,UNQ1929/PRO4404
Q8N122	RPTOR	RPTOR,KIAA1303,RAPTOR
Q8N137	CNTROB	CNTROB,LIP8,PP1221
Q8N163	CCAR2	CCAR2,DBC1,KIAA1967
Q8N1F8	STK11IP	STK11IP,KIAA1898,LIP1,LKB1IP,STK11IP1
Q8N1G0	ZNF687	ZNF687,KIAA1441
Q8N1G4	LRRC47	LRRC47,KIAA1185
Q8N201	INTS1	INTS1,KIAA1440,UNQ1821/PRO3434
Q8N2F6	ARMC10	ARMC10,SVH,PSEC0198
Q8N2M8	CLASRP	CLASRP,SFRS16,SWAP2,UNQ2428/PRO4988
Q8N357	SLC35F6	SLC35F6,C2orf18,UNQ3047/PRO9863
Q8N370	SLC43A2	SLC43A2,LAT4,PP7664
Q8N392	ARHGAP18	ARHGAP18
Q8N3D4	EHBP1L1	EHBP1L1
Q8N3F8	MICALL1	MICALL1,KIAA1668,MIRAB13
Q8N3V7	SYNPO	SYNPO,KIAA1029
Q8N3X1	FNBP4	FNBP4,FBP30,KIAA1014
Q8N456	LRRC18	LRRC18,UNQ9338/PRO34010
Q8N488	RYBP	RYBP,DEDAF,YEAF1
Q8N4C8	MINK1	MINK1,B55,MAP4K6,MINK,YSK2,ZC3
Q8N4S0	CCDC82	CCDC82,HT025
Q8N4S9	MARVELD2	MARVELD2,TRIC
Q8N556	AFAP1	AFAP1,AFAP
Q8N573	OXR1	OXR1,Nbla00307
Q8N5A5	ZGPAT	ZGPAT,GPATC6,GPATCH6,KIAA1847,ZC3H9,ZC3HDC9,ZIP
Q8N5F7	NKAP	NKAP
Q8N5G2	MACO1	MACO1,TMEM57
Q8N5I9	NOPCHAP1	NOPCHAP1,C12orf45
Q8N5V2	NGEF	NGEF
Q8N5Y2	MSL3	MSL3,MSL3L1
Q8N612	FHIP1B	FHIP1B,C11orf56,FAM160A2,KIAA1759
Q8N684	CPSF7	CPSF7
Q8N6H7	ARFGAP2	ARFGAP2,ZNF289,Nbla10535
Q8N6N3	C1orf52	C1orf52,BAG,GM117
Q8N6T3	ARFGAP1	ARFGAP1,ARF1GAP
Q8N6T7	SIRT6	SIRT6,SIR2L6
Q8N7R7	CCNYL1	CCNYL1
Q8N8A6	DDX51	DDX51
Q8N8S7	ENAH	ENAH,MENA
Q8N8V4	ANKS4B	ANKS4B,HARP
Q8N9B5	JMY	JMY
Q8N9Q2	SREK1IP1	SREK1IP1,P18SRP,SFRS12IP1
Q8N9T8	KRI1	KRI1
Q8NAA4	ATG16L2	ATG16L2,WDR80
Q8NAF0	ZNF579	ZNF579
Q8NAP3	ZBTB38	ZBTB38
Q8NAV1	PRPF38A	PRPF38A
Q8NAX2	KDF1	KDF1,C1orf172
Q8NB15	ZNF511	ZNF511
Q8NB78	KDM1B	KDM1B,AOF1,C6orf193,LSD2
Q8NBN3	TMEM87A	TMEM87A,PSEC0094
Q8NBU5	ATAD1	ATAD1,FNP001
Q8NC44	RETREG2	RETREG2,C2orf17,FAM134A,MAG2
Q8NC51	SERBP1	SERBP1,PAIRBP1,CGI-55
Q8NC56	LEMD2	LEMD2
Q8NC74	RBBP8NL	RBBP8NL,C20orf151
Q8NC96	NECAP1	NECAP1
Q8NCD3	HJURP	HJURP,FAKTS,FLEG1,URLC9
Q8NCF5	NFATC2IP	NFATC2IP,NIP45
Q8NCN4	RNF169	RNF169,KIAA1991
Q8NCP5	ZBTB44	ZBTB44,BTBD15,ZNF851
Q8ND04	SMG8	SMG8,ABC2,C17orf71
Q8ND24	RNF214	RNF214
Q8ND30	PPFIBP2	PPFIBP2
Q8ND56	LSM14A	LSM14A,C19orf13,FAM61A,RAP55,RAP55A
Q8ND76	CCNY	CCNY,C10orf9,CBCP1,CFP1
Q8ND82	ZNF280C	ZNF280C,SUHW3,ZNF633
Q8NDC0	MAPK1IP1L	MAPK1IP1L,C14orf32
Q8NDI1	EHBP1	EHBP1,KIAA0903,NACSIN
Q8NDT2	RBM15B	RBM15B,OTT3
Q8NDX5	PHC3	PHC3,EDR3,PH3
Q8NDX6	ZNF740	ZNF740,TB7
Q8NE01	CNNM3	CNNM3,ACDP3
Q8NE71	ABCF1	ABCF1,ABC50
Q8NEB9	PIK3C3	PIK3C3,VPS34
Q8NEC7	GSTCD	GSTCD
Q8NEF9	SRFBP1	SRFBP1
Q8NEG4	FAM83F	FAM83F
Q8NEJ9	NGDN	NGDN,C14orf120
Q8NEN9	PDZD8	PDZD8,PDZK8
Q8NEV8	EXPH5	EXPH5,KIAA0624,SLAC2B
Q8NEY1	NAV1	NAV1,KIAA1151,KIAA1213,POMFIL3,STEERIN1
Q8NEY8	PPHLN1	PPHLN1,HSPC206,HSPC232
Q8NEZ4	KMT2C	KMT2C,HALR,KIAA1506,MLL3
Q8NFC6	BOD1L1	BOD1L1,BOD1L,FAM44A,KIAA1327
Q8NFF5	FLAD1	FLAD1,PP591
Q8NFG4	FLCN	FLCN,BHD
Q8NFH5	NUP35	NUP35,MP44,NUP53
Q8NFH8	REPS2	REPS2,POB1
Q8NFI3	ENGASE	ENGASE
Q8NFJ5	GPRC5A	GPRC5A,GPCR5A,RAI3,RAIG1
Q8NFN8	GPR156	GPR156,GABABL,PGR28
Q8NG27	PJA1	PJA1,RNF70
Q8NG31	KNL1	KNL1,CASC5,KIAA1570
Q8NHG8	ZNRF2	ZNRF2,RNF202
Q8NHM5	KDM2B	KDM2B,CXXC2,FBL10,FBXL10,JHDM1B,NDY1,PCCX2
Q8NHQ9	DDX55	DDX55,KIAA1595
Q8NHV4	NEDD1	NEDD1
Q8NI08	NCOA7	NCOA7,ERAP140,ESNA1,Nbla00052,Nbla10993
Q8NI27	THOC2	THOC2,CXorf3
Q8NI35	PATJ	PATJ,CIPP,INADL
Q8TAD8	SNIP1	SNIP1
Q8TAP8	PPP1R35	PPP1R35,C7orf47
Q8TAQ2	SMARCC2	SMARCC2,BAF170
Q8TB03	CXorf38	CXorf38
Q8TB36	GDAP1	GDAP1
Q8TB45	DEPTOR	DEPTOR,DEPDC6
Q8TB61	SLC35B2	SLC35B2,PAPST1,PSEC0149
Q8TB72	PUM2	PUM2,KIAA0235,PUMH2
Q8TBA6	GOLGA5	GOLGA5,RETII,RFG5,PIG31
Q8TBE0	BAHD1	BAHD1,KIAA0945
Q8TBN0	RAB3IL1	RAB3IL1
Q8TBP0	TBC1D16	TBC1D16
Q8TBZ3	WDR20	WDR20
Q8TBZ6	TRMT10A	TRMT10A,RG9MTD2
Q8TC05	MDM1	MDM1
Q8TC07	TBC1D15	TBC1D15
Q8TC71	SPATA18	SPATA18,MIEAP
Q8TCJ2	STT3B	STT3B,SIMP
Q8TD19	NEK9	NEK9,KIAA1995,NEK8,NERCC
Q8TD55	PLEKHO2	PLEKHO2,PLEKHQ1,PP9099
Q8TDB6	DTX3L	DTX3L,BBAP
Q8TDD1	DDX54	DDX54
Q8TDJ6	DMXL2	DMXL2,KIAA0856
Q8TDW5	SYTL5	SYTL5,SLP5
Q8TDY2	RB1CC1	RB1CC1,KIAA0203,RBICC
Q8TDZ2	MICAL1	MICAL1,MICAL,NICAL
Q8TE67	EPS8L3	EPS8L3,EPS8R3
Q8TE68	EPS8L1	EPS8L1,DRC3,EPS8R1,PP10566
Q8TE77	SSH3	SSH3,SSH3L
Q8TEA8	DTD1	DTD1,C20orf88,DUEB,HARS2
Q8TEC5	SH3RF2	SH3RF2,POSH3,POSHER,PPP1R39,RNF158
Q8TEH3	DENND1A	DENND1A,FAM31A,KIAA1608
Q8TEK3	DOT1L	DOT1L,KIAA1814,KMT4
Q8TEM1	NUP210	NUP210,KIAA0906,PSEC0245
Q8TEQ6	GEMIN5	GEMIN5
Q8TER5	ARHGEF40	ARHGEF40,SOLO
Q8TEU7	RAPGEF6	RAPGEF6,PDZGEF2
Q8TEV9	SMCR8	SMCR8
Q8TEW0	PARD3	PARD3,PAR3,PAR3A
Q8TEW8	PARD3B	PARD3B,ALS2CR19,PAR3B,PAR3L
Q8TF01	PNISR	PNISR,C6orf111,SFRS18,SRRP130,HSPC261,HSPC306
Q8TF72	SHROOM3	SHROOM3,KIAA1481,SHRML,MSTP013
Q8TF74	WIPF2	WIPF2,WICH,WIRE,PP10631
Q8WTW3	COG1	COG1,KIAA1381,LDLB
Q8WU79	SMAP2	SMAP2,SMAP1L
Q8WU90	ZC3H15	ZC3H15,DFRP1,LEREPO4,HSPC303,HT010,MSTP012,PP730
Q8WUA2	PPIL4	PPIL4
Q8WUA4	GTF3C2	GTF3C2,KIAA0011
Q8WUA7	TBC1D22A	TBC1D22A,C22orf4
Q8WUB8	PHF10	PHF10,BAF45A
Q8WUF5	PPP1R13L	PPP1R13L,IASPP,NKIP1,PPP1R13BL,RAI
Q8WUI4	HDAC7	HDAC7,HDAC7A
Q8WUM0	NUP133	NUP133
Q8WUX9	CHMP7	CHMP7
Q8WUY3	PRUNE2	PRUNE2,BMCC1,BNIPXL,C9orf65,KIAA0367
Q8WUZ0	BCL7C	BCL7C
Q8WVB6	CHTF18	CHTF18,C16orf41,CTF18
Q8WVC0	LEO1	LEO1,RDL
Q8WVM8	SCFD1	SCFD1,C14orf163,KIAA0917,STXBP1L2,FKSG23
Q8WVS4	DYNC2I1	DYNC2I1,WDR60
Q8WVV4	POF1B	POF1B
Q8WVV9	HNRNPLL	HNRNPLL,HNRPLL,SRRF,BLOCK24
Q8WW12	PCNP	PCNP
Q8WWH5	TRUB1	TRUB1,PUS4
Q8WWI1	LMO7	LMO7,FBX20,FBXO20,KIAA0858
Q8WWK9	CKAP2	CKAP2,LB1,TMAP
Q8WWL2	SPIRE2	SPIRE2,KIAA1832,SPIR2
Q8WWM7	ATXN2L	ATXN2L,A2D,A2LG,A2LP,A2RP
Q8WWQ0	PHIP	PHIP,DCAF14,WDR11
Q8WWY3	PRPF31	PRPF31,PRP31
Q8WX92	NELFB	NELFB,COBRA1,KIAA1182
Q8WX93	PALLD	PALLD,KIAA0992,CGI-151
Q8WXE0	CASKIN2	CASKIN2,KIAA1139
Q8WXG6	MADD	MADD,DENN,IG20,KIAA0358
Q8WXI7	MUC16	MUC16,CA125
Q8WXI9	GATAD2B	GATAD2B,KIAA1150
Q8WXX5	DNAJC9	DNAJC9
Q8WXX7	AUTS2	AUTS2,KIAA0442
Q8WY36	BBX	BBX,HBP2
Q8WYA0	IFT81	IFT81,CDV1
Q8WYA6	CTNNBL1	CTNNBL1,C20orf33,PP8304
Q8WYH8	ING5	ING5
Q8WYL5	SSH1	SSH1,KIAA1298,SSH1L
Q8WYP3	RIN2	RIN2,RASSF4
Q8WYP5	AHCTF1	AHCTF1,ELYS,TMBS62,MSTP108
Q8WYQ5	DGCR8	DGCR8,C22orf12,DGCRK6,LP4941
Q8WZ73	RFFL	RFFL,RNF189,RNF34L
Q8WZ74	CTTNBP2	CTTNBP2,C7orf8,CORTBP2,KIAA1758
Q92466	DDB2	DDB2
Q92508	PIEZO1	PIEZO1,FAM38A,KIAA0233
Q92530	PSMF1	PSMF1
Q92538	GBF1	GBF1,KIAA0248
Q92539	LPIN2	LPIN2,KIAA0249
Q92540	SMG7	SMG7,C1orf16,EST1C,KIAA0250
Q92541	RTF1	RTF1,KIAA0252
Q92545	TMEM131	TMEM131,KIAA0257,RW1
Q92560	BAP1	BAP1,KIAA0272,hucep-6
Q92574	TSC1	TSC1,KIAA0243,TSC
Q92576	PHF3	PHF3,KIAA0244
Q92597	NDRG1	NDRG1,CAP43,DRG1,RTP
Q92598	HSPH1	HSPH1,HSP105,HSP110,KIAA0201
Q92609	TBC1D5	TBC1D5,KIAA0210
Q92610	ZNF592	ZNF592,KIAA0211
Q92613	JADE3	JADE3,KIAA0215,PHF16
Q92614	MYO18A	MYO18A,CD245,KIAA0216,MYSPDZ,TIAF1
Q92615	LARP4B	LARP4B,KIAA0217,LARP5
Q92618	ZNF516	ZNF516,KIAA0222
Q92622	RUBCN	RUBCN,KIAA0226
Q92625	ANKS1A	ANKS1A,ANKS1,KIAA0229,ODIN
Q92628	KIAA0232	KIAA0232
Q92667	AKAP1	AKAP1,AKAP149,PRKA1
Q92674	CENPI	CENPI,FSHPRH1,ICEN19,LRPR1
Q92685	ALG3	ALG3,NOT,NOT56L
Q92692	NECTIN2	NECTIN2,HVEB,PRR2,PVRL2
Q92733	PRCC	PRCC,TPRC
Q92734	TFG	TFG
Q92738	USP6NL	USP6NL,KIAA0019
Q92766	RREB1	RREB1,FINB
Q92769	HDAC2	HDAC2
Q92783	STAM	STAM,STAM1
Q92785	DPF2	DPF2,BAF45D,REQ,UBID4
Q92786	PROX1	PROX1
Q92793	CREBBP	CREBBP,CBP
Q92797	SYMPK	SYMPK,SPK
Q92817	EVPL	EVPL
Q92826	HOXB13	HOXB13
Q92835	INPP5D	INPP5D,SHIP,SHIP1
Q92844	TANK	TANK,ITRAF,TRAF2
Q92859	NEO1	NEO1,IGDCC2,NGN
Q92870	APBB2	APBB2,FE65L,FE65L1
Q92878	RAD50	RAD50
Q92882	OSTF1	OSTF1
Q92888	ARHGEF1	ARHGEF1
Q92890	UFD1	UFD1,UFD1L
Q92903	CDS1	CDS1,CDS
Q92917	GPKOW	GPKOW,GPATC5,GPATCH5,T54
Q92922	SMARCC1	SMARCC1,BAF155
Q92925	SMARCD2	SMARCD2,BAF60B,PRO2451
Q92934	BAD	BAD,BBC6,BCL2L8
Q92945	KHSRP	KHSRP,FUBP2
Q92974	ARHGEF2	ARHGEF2,KIAA0651,LFP40
Q92993	KAT5	KAT5,HTATIP,TIP60
Q92994	BRF1	BRF1,BRF,GTF3B,TAF3B2,TAF3C
Q92997	DVL3	DVL3,KIAA0208
Q93008	USP9X	USP9X,DFFRX,FAM,USP9
Q93009	USP7	USP7,HAUSP
Q93045	STMN2	STMN2,SCG10,SCGN10
Q93074	MED12	MED12,ARC240,CAGH45,HOPA,KIAA0192,TNRC11,TRAP230
Q93100	PHKB	PHKB
Q969E4	TCEAL3	TCEAL3,MSTP072
Q969G9	NKD1	NKD1,NKD,PP7246
Q969H4	CNKSR1	CNKSR1,CNK1
Q969R5	L3MBTL2	L3MBTL2
Q969T4	UBE2E3	UBE2E3,UBCE4,UBCH9
Q96A49	SYAP1	SYAP1,PRO3113
Q96A65	EXOC4	EXOC4,KIAA1699,SEC8,SEC8L1
Q96AD5	PNPLA2	PNPLA2,ATGL,FP17548
Q96AE4	FUBP1	FUBP1
Q96AG3	SLC25A46	SLC25A46,TB1
Q96AP0	ACD	ACD,PIP1,PTOP,TINT1,TPP1
Q96AQ6	PBXIP1	PBXIP1,HPIP
Q96AT1	KIAA1143	KIAA1143
Q96AX9	MIB2	MIB2,SKD,ZZANK1
Q96B23	C18orf25	C18orf25,ARKL1
Q96B36	AKT1S1	AKT1S1,PRAS40
Q96B97	SH3KBP1	SH3KBP1,CIN85
Q96BD0	SLCO4A1	SLCO4A1,OATP1,OATP4A1,OATPE,SLC21A12
Q96BT3	CENPT	CENPT,C16orf56,ICEN22
Q96BY7	ATG2B	ATG2B,C14orf103
Q96C19	EFHD2	EFHD2,SWS1
Q96C24	SYTL4	SYTL4
Q96C34	RUNDC1	RUNDC1,LP5161
Q96C36	PYCR2	PYCR2
Q96C57	CUSTOS	CUSTOS,C12orf43
Q96C90	PPP1R14B	PPP1R14B,PLCB3N,PNG
Q96C92	ENTR1	ENTR1,SDCCAG3
Q96CB8	INTS12	INTS12,PHF22,SBBI22
Q96CB9	NSUN4	NSUN4
Q96CC6	RHBDF1	RHBDF1,C16orf8,DIST1,IRHOM1
Q96CP2	FLYWCH2	FLYWCH2
Q96CV9	OPTN	OPTN,FIP2,GLC1E,HIP7,HYPL,NRP
Q96CW6	SLC7A6OS	SLC7A6OS
Q96CX2	KCTD12	KCTD12,C13orf2,KIAA1778,PFET1
Q96D46	NMD3	NMD3,CGI-07
Q96D71	REPS1	REPS1
Q96DF8	ESS2	ESS2,DGCR13,DGCR14,DGSH,DGSI,ES2
Q96DR7	ARHGEF26	ARHGEF26,SGEF,HMFN1864
Q96DY7	MTBP	MTBP
Q96E09	PABIR1	PABIR1,C9orf42,FAM122A
Q96E39	RBMXL1	RBMXL1
Q96EB6	SIRT1	SIRT1,SIR2L1
Q96EC8	YIPF6	YIPF6
Q96EI5	TCEAL4	TCEAL4,NPD017
Q96EN8	MOCOS	MOCOS
Q96EP0	RNF31	RNF31,ZIBRA
Q96ER3	SAAL1	SAAL1
Q96EU6	RRP36	RRP36,C6orf153,HSPC253
Q96EV2	RBM33	RBM33,PRR8
Q96EY5	MVB12A	MVB12A,CFBP,FAM125A
Q96F44	TRIM11	TRIM11,RNF92
Q96F63	CCDC97	CCDC97
Q96F86	EDC3	EDC3,LSM16,YJDC,YJEFN2,PP844
Q96FC7	PHYHIPL	PHYHIPL,KIAA1796,UNQ6309/PRO20934
Q96FF7	MISP3	MISP3
Q96FJ0	STAMBPL1	STAMBPL1,AMSHLP,KIAA1373
Q96FQ6	S100A16	S100A16,S100F,AAG13
Q96FS4	SIPA1	SIPA1,SPA1
Q96FV2	SCRN2	SCRN2
Q96FV9	THOC1	THOC1,HPR1
Q96FW1	OTUB1	OTUB1,OTB1,OTU1,HSPC263
Q96G03	PGM2	PGM2,MSTP006
Q96G46	DUS3L	DUS3L
Q96G74	OTUD5	OTUD5
Q96GM8	TOE1	TOE1
Q96GN5	CDCA7L	CDCA7L,HR1,JPO2,R1
Q96GX5	MASTL	MASTL,GW,GWL,THC2
Q96GX9	APIP	APIP,CGI-29
Q96GY0	ZC2HC1A	ZC2HC1A,C8orf70,FAM164A,CGI-62
Q96GZ6	SLC41A3	SLC41A3
Q96H12	MSANTD3	MSANTD3,C9orf30,L8
Q96HC4	PDLIM5	PDLIM5,ENH,L9
Q96HH9	GRAMD2B	GRAMD2B,GRAMD3,NS3TP2
Q96HP0	DOCK6	DOCK6,KIAA1395
Q96HR8	NAF1	NAF1
Q96I24	FUBP3	FUBP3,FBP3
Q96I25	RBM17	RBM17,SPF45
Q96IF1	AJUBA	AJUBA,JUB
Q96II8	LRCH3	LRCH3
Q96IY1	NSL1	NSL1,C1orf48,DC31,DC8,MIS14
Q96IZ0	PAWR	PAWR,PAR4
Q96J92	WNK4	WNK4,PRKWNK4
Q96JB2	COG3	COG3,SEC34
Q96JC9	EAF1	EAF1
Q96JG6	VPS50	VPS50,CCDC132,KIAA1861
Q96JH7	VCPIP1	VCPIP1,KIAA1850,VCIP135
Q96JK2	DCAF5	DCAF5,BCRG2,KIAA1824,WDR22
Q96JM2	ZNF462	ZNF462,KIAA1803
Q96JM3	CHAMP1	CHAMP1,C13orf8,CAMP,CHAMP,KIAA1802,ZNF828
Q96JN8	NEURL4	NEURL4,KIAA1787
Q96JP0	FEM1C	FEM1C,KIAA1785
Q96JP2	MYO15B	MYO15B,KIAA1783,MYO15BP
Q96JP5	ZFP91	ZFP91,ZNF757,FKSG11
Q96JQ2	CLMN	CLMN,KIAA1188
Q96JY6	PDLIM2	PDLIM2,PP6345
Q96K21	ZFYVE19	ZFYVE19,ANCHR,MPFYVE
Q96K76	USP47	USP47
Q96KB5	PBK	PBK,TOPK
Q96KG9	SCYL1	SCYL1,CVAK90,GKLP,NTKL,TAPK,TEIF,TRAP,HT019
Q96KN1	LRATD2	LRATD2,BCMP101,FAM84B,NSE2
Q96KN4	LRATD1	LRATD1,FAM84A,NSE1
Q96KQ4	PPP1R13B	PPP1R13B,ASPP1,KIAA0771
Q96KR1	ZFR	ZFR
Q96L73	NSD1	NSD1,ARA267,KMT3B
Q96L91	EP400	EP400,CAGH32,KIAA1498,KIAA1818,TNRC12
Q96L93	KIF16B	KIF16B,C20orf23,KIAA1590,SNX23
Q96LD4	TRIM47	TRIM47,GOA,RNF100
Q96LT9	RNPC3	RNPC3,KIAA1839,RBM40,RNP,SNRNP65
Q96MG7	NSMCE3	NSMCE3,HCA4,MAGEG1,NDNL2
Q96MH2	HEXIM2	HEXIM2,L3
Q96MU7	YTHDC1	YTHDC1,KIAA1966,YT521
Q96MW1	CCDC43	CCDC43
Q96MX3	ZNF48	ZNF48,ZNF553
Q96MY1	NOL4L	NOL4L,C20orf112,C20orf113
Q96N64	PWWP2A	PWWP2A,KIAA1935,MST101
Q96N67	DOCK7	DOCK7,KIAA1771
Q96N96	SPATA13	SPATA13
Q96NB3	ZNF830	ZNF830,CCDC16
Q96NE9	FRMD6	FRMD6,C14orf31
Q96NW4	ANKRD27	ANKRD27,PP12899
Q96NY7	CLIC6	CLIC6,CLIC1L
Q96NY9	MUS81	MUS81
Q96P16	RPRD1A	RPRD1A,P15RS
Q96P47	AGAP3	AGAP3,CENTG3
Q96P48	ARAP1	ARAP1,CENTD2,KIAA0782
Q96PK6	RBM14	RBM14,SIP
Q96PN7	TRERF1	TRERF1,BCAR2,RAPA,TREP132
Q96PU4	UHRF2	UHRF2,NIRF,RNF107
Q96PU5	NEDD4L	NEDD4L,KIAA0439,NEDL3
Q96PY5	FMNL2	FMNL2,FHOD2,KIAA1902
Q96PY6	NEK1	NEK1,KIAA1901
Q96PZ0	PUS7	PUS7,KIAA1897
Q96Q05	TRAPPC9	TRAPPC9,KIAA1882,NIBP,T1
Q96Q15	SMG1	SMG1,ATX,KIAA0421,LIP
Q96Q42	ALS2	ALS2,ALS2CR6,KIAA1563
Q96QC0	PPP1R10	PPP1R10,CAT53,FB19,PNUTS
Q96QK1	VPS35	VPS35,MEM3,TCCCTA00141
Q96QR8	PURB	PURB
Q96QT6	PHF12	PHF12,KIAA1523
Q96QZ7	MAGI1	MAGI1,AIP3,BAIAP1,BAP1,TNRC19
Q96RK0	CIC	CIC,KIAA0306
Q96RL1	UIMC1	UIMC1,RAP80,RXRIP110
Q96RR4	CAMKK2	CAMKK2,CAMKKB,KIAA0787
Q96RS0	TGS1	TGS1,HCA137,NCOA6IP,PIMT
Q96RT1	ERBIN	ERBIN,ERBB2IP,KIAA1225,LAP2
Q96RU2	USP28	USP28,KIAA1515
Q96RU3	FNBP1	FNBP1,FBP17,KIAA0554
Q96S15	WDR24	WDR24,C16orf21,JFP7
Q96S38	RPS6KC1	RPS6KC1,RPK118
Q96S55	WRNIP1	WRNIP1,WHIP
Q96S66	CLCC1	CLCC1,KIAA0761,MCLC
Q96S82	UBL7	UBL7,BMSCUBP,SB132
Q96S90	LYSMD1	LYSMD1,SB145
Q96S94	CCNL2	CCNL2,SB138
Q96S99	PLEKHF1	PLEKHF1,APPD,LAPF,ZFYVE15
Q96SB3	PPP1R9B	PPP1R9B,PPP1R6
Q96SB4	SRPK1	SRPK1
Q96SN8	CDK5RAP2	CDK5RAP2,CEP215,KIAA1633
Q96ST2	IWS1	IWS1,IWS1L
Q96ST3	SIN3A	SIN3A
Q96SU4	OSBPL9	OSBPL9,ORP9,OSBP4
Q96T17	MAP7D2	MAP7D2
Q96T23	RSF1	RSF1,HBXAP,XAP8
Q96T37	RBM15	RBM15,OTT,OTT1
Q96T58	SPEN	SPEN,KIAA0929,MINT,SHARP
Q96T60	PNKP	PNKP
Q96T88	UHRF1	UHRF1,ICBP90,NP95,RNF106
Q96TA1	NIBAN2	NIBAN2,C9orf88,FAM129B
Q96TC7	RMDN3	RMDN3,FAM82A2,FAM82C,PTPIP51,hucep-10,UNQ3122/PRO10274
Q99081	TCF12	TCF12,BHLHB20,HEB,HTF4
Q99442	SEC62	SEC62,TLOC1
Q99459	CDC5L	CDC5L,KIAA0432,PCDC5RP
Q99460	PSMD1	PSMD1
Q99466	NOTCH4	NOTCH4,INT3
Q99501	GAS2L1	GAS2L1,GAR22
Q99523	SORT1	SORT1
Q99536	VAT1	VAT1
Q99543	DNAJC2	DNAJC2,MPHOSPH11,MPP11,ZRF1
Q99547	MPHOSPH6	MPHOSPH6,MPP6
Q99549	MPHOSPH8	MPHOSPH8,MPP8
Q99567	NUP88	NUP88
Q99569	PKP4	PKP4
Q99575	POP1	POP1,KIAA0061
Q99590	SCAF11	SCAF11,CASP11,SFRS2IP,SIP1,SRSF2IP
Q99594	TEAD3	TEAD3,TEAD5,TEF5
Q99607	ELF4	ELF4,ELFR,MEF
Q99613	EIF3C	EIF3C,EIF3S8
Q99618	CDCA3	CDCA3,C8,GRCC8,TOME1
Q99623	PHB2	PHB2,BAP,REA
Q99626	CDX2	CDX2,CDX3
Q99638	RAD9A	RAD9A
Q99640	PKMYT1	PKMYT1,MYT1
Q99683	MAP3K5	MAP3K5,ASK1,MAPKKK5,MEKK5
Q99700	ATXN2	ATXN2,ATX2,SCA2,TNRC13
Q99728	BARD1	BARD1
Q99729	HNRNPAB	HNRNPAB,ABBP1,HNRPAB
Q99733	NAP1L4	NAP1L4,NAP2
Q99741	CDC6	CDC6,CDC18L
Q99795	GPA33	GPA33
Q99798	ACO2	ACO2
Q99829	CPNE1	CPNE1,CPN1
Q99856	ARID3A	ARID3A,DRIL1,DRIL3,DRX,E2FBP1
Q99871	HAUS7	HAUS7,UCHL5IP,UIP1
Q99929	ASCL2	ASCL2,BHLHA45,HASH2
Q99958	FOXC2	FOXC2,FKHL14,MFH1
Q99959	PKP2	PKP2
Q9BPX3	NCAPG	NCAPG,CAPG,NYMEL3
Q9BPX5	ARPC5L	ARPC5L
Q9BPZ7	MAPKAP1	MAPKAP1,MIP1,SIN1
Q9BQ39	DDX50	DDX50
Q9BQ52	ELAC2	ELAC2,HPC2
Q9BQ70	TCF25	TCF25,KIAA1049,NULP1,FKSG26
Q9BQ89	FAM110A	FAM110A,C20orf55,F10
Q9BQA1	WDR77	WDR77,MEP50,WD45,HKMT1069,Nbla10071
Q9BQE9	BCL7B	BCL7B
Q9BQG0	MYBBP1A	MYBBP1A,P160
Q9BQI3	EIF2AK1	EIF2AK1,HRI,KIAA1369,PRO1362
Q9BQK8	LPIN3	LPIN3,LIPN3L
Q9BQL6	FERMT1	FERMT1,C20orf42,KIND1,URP1
Q9BQQ3	GORASP1	GORASP1,GOLPH5,GRASP65
Q9BQS7	HEPH	HEPH,KIAA0698,UNQ2562/PRO6242
Q9BRD0	BUD13	BUD13
Q9BRG2	SH2D3A	SH2D3A,NSP1,UNQ175/PRO201
Q9BRJ6	C7orf50	C7orf50,FP15621
Q9BRL6	SRSF8	SRSF8,SFRS2B,SRP46
Q9BRP0	OVOL2	OVOL2,ZNF339
Q9BRP8	PYM1	PYM1,PYM,WIBG
Q9BRQ0	PYGO2	PYGO2,PP7910
Q9BRS2	RIOK1	RIOK1,RIO1
Q9BRS8	LARP6	LARP6
Q9BRZ2	TRIM56	TRIM56,RNF109
Q9BSJ6	PIMREG	PIMREG,CATS,FAM64A,RCS1
Q9BSJ8	ESYT1	ESYT1,FAM62A,KIAA0747,MBC2
Q9BSL1	UBAC1	UBAC1,GBDR1,KPC2,UBADC1
Q9BST9	RTKN	RTKN,RTKN1
Q9BTA9	WAC	WAC,KIAA1844
Q9BTC0	DIDO1	DIDO1,C20orf158,DATF1,KIAA0333
Q9BTC8	MTA3	MTA3,KIAA1266
Q9BTD8	RBM42	RBM42
Q9BTE3	MCMBP	MCMBP,C10orf119
Q9BTK6	PAGR1	PAGR1,C16orf53,PA1
Q9BTL3	RAMAC	RAMAC,C15orf18,FAM103A1,RAMMET
Q9BTU6	PI4K2A	PI4K2A
Q9BTX1	NDC1	NDC1,TMEM48
Q9BTY7	HGH1	HGH1,C8orf30A,C8orf30B,FAM203A,FAM203B
Q9BU76	MMTAG2	MMTAG2,C1orf35
Q9BUA3	SPINDOC	SPINDOC,C11orf84
Q9BUB4	ADAT1	ADAT1
Q9BUH6	PAXX	PAXX,C9orf142,XLS
Q9BUI4	POLR3C	POLR3C
Q9BUJ2	HNRNPUL1	HNRNPUL1,E1BAP5,HNRPUL1
Q9BUL9	RPP25	RPP25
Q9BUQ8	DDX23	DDX23
Q9BUR4	WRAP53	WRAP53,TCAB1,WDR79
Q9BUZ4	TRAF4	TRAF4,CART1,MLN62,RNF83
Q9BV40	VAMP8	VAMP8
Q9BV68	RNF126	RNF126
Q9BVC5	C2orf49	C2orf49
Q9BVG4	PBDC1	PBDC1,CXorf26
Q9BVG9	PTDSS2	PTDSS2,PSS2
Q9BVJ6	UTP14A	UTP14A,SDCCAG16
Q9BVS4	RIOK2	RIOK2,RIO2
Q9BW04	SARG	SARG,C1orf116
Q9BW19	KIFC1	KIFC1,HSET,KNSL2
Q9BW61	DDA1	DDA1,C19orf58,PCIA1
Q9BW71	HIRIP3	HIRIP3
Q9BW85	YJU2	YJU2,CCDC94
Q9BW91	NUDT9	NUDT9,NUDT10,PSEC0099,UNQ3012/PRO9771
Q9BWE0	REPIN1	REPIN1,RIP60,ZNF464
Q9BWF3	RBM4	RBM4,RBM4A
Q9BWH6	RPAP1	RPAP1,KIAA1403
Q9BWS9	CHID1	CHID1,GL008,PSEC0104,SB139
Q9BWT3	PAPOLG	PAPOLG,PAP2,PAPG
Q9BWU0	SLC4A1AP	SLC4A1AP,HLC3
Q9BWW4	SSBP3	SSBP3,SSDP,SSDP1
Q9BX66	SORBS1	SORBS1,KIAA0894,KIAA1296,SH3D5
Q9BX95	SGPP1	SGPP1,SPP1
Q9BXB4	OSBPL11	OSBPL11,ORP11,OSBP12
Q9BXB5	OSBPL10	OSBPL10,ORP10,OSBP9
Q9BXF6	RAB11FIP5	RAB11FIP5,GAF1,KIAA0857,RIP11
Q9BXJ9	NAA15	NAA15,GA19,NARG1,NATH,TBDN100
Q9BXK1	KLF16	KLF16,BTEB4,NSLP2
Q9BXK5	BCL2L13	BCL2L13,MIL1,CD003
Q9BXP5	SRRT	SRRT,ARS2,ASR2
Q9BXS9	SLC26A6	SLC26A6
Q9BXW6	OSBPL1A	OSBPL1A,ORP1,OSBP8,OSBPL1,OSBPL1B
Q9BXW9	FANCD2	FANCD2,FACD
Q9BY44	EIF2A	EIF2A,CDA02,MSTP004,MSTP089
Q9BY77	POLDIP3	POLDIP3,KIAA1649,PDIP46
Q9BY84	DUSP16	DUSP16,KIAA1700,MKP7
Q9BY89	KIAA1671	KIAA1671
Q9BYE7	PCGF6	PCGF6,MBLR,RNF134
Q9BYG3	NIFK	NIFK,MKI67IP,NOPP34
Q9BYG5	PARD6B	PARD6B,PAR6B
Q9BYK8	HELZ2	HELZ2,KIAA1769,PRIC285
Q9BYV8	CEP41	CEP41,TSGA14
Q9BYW2	SETD2	SETD2,HIF1,HYPB,KIAA1732,KMT3A,SET2,HSPC069
Q9BZ23	PANK2	PANK2,C20orf48
Q9BZ29	DOCK9	DOCK9,KIAA1058,ZIZ1
Q9BZ71	PITPNM3	PITPNM3,NIR1
Q9BZ95	NSD3	NSD3,WHSC1L1,DC28
Q9BZC7	ABCA2	ABCA2,ABC2,KIAA1062
Q9BZD4	NUF2	NUF2,CDCA1,NUF2R
Q9BZE9	ASPSCR1	ASPSCR1,ASPL,RCC17,TUG,UBXD9,UBXN9
Q9BZF2	OSBPL7	OSBPL7,ORP7
Q9BZH6	WDR11	WDR11,BRWD2,KIAA1351,WDR15
Q9BZI7	UPF3B	UPF3B,RENT3B,UPF3X
Q9BZL4	PPP1R12C	PPP1R12C,LENG3,MBS85
Q9BZL6	PRKD2	PRKD2,PKD2,HSPC187
Q9BZR8	BCL2L14	BCL2L14,BCLG
Q9BZZ5	API5	API5,MIG8
Q9C004	SPRY4	SPRY4
Q9C040	TRIM2	TRIM2,KIAA0517,RNF86
Q9C073	FAM117A	FAM117A
Q9C075	KRT23	KRT23
Q9C086	INO80B	INO80B,HMGA1L4,PAPA1,ZNHIT4
Q9C0B0	UNK	UNK,KIAA1753,ZC3H5,ZC3HDC5
Q9C0B5	ZDHHC5	ZDHHC5,KIAA1748,ZNF375
Q9C0C2	TNKS1BP1	TNKS1BP1,KIAA1741,TAB182
Q9C0C7	AMBRA1	AMBRA1,DCAF3,KIAA1736
Q9C0C9	UBE2O	UBE2O,KIAA1734
Q9C0E2	XPO4	XPO4,KIAA1721
Q9C0E8	LNPK	LNPK,KIAA1715,LNP
Q9C0H2	TTYH3	TTYH3,KIAA1691
Q9C0H5	ARHGAP39	ARHGAP39,KIAA1688
Q9C0J8	WDR33	WDR33,WDC146
Q9C0K0	BCL11B	BCL11B,CTIP2,RIT1
Q9GZP8	IMUP	IMUP,C19orf33
Q9GZR1	SENP6	SENP6,KIAA0797,SSP1,SUSP1,FKSG6
Q9GZR7	DDX24	DDX24
Q9GZT9	EGLN1	EGLN1,C1orf12,PNAS-118,PNAS-137
Q9GZV5	WWTR1	WWTR1,TAZ
Q9GZX5	ZNF350	ZNF350,ZBRK1
Q9GZY8	MFF	MFF,C2orf33,AD030,AD033,GL004
Q9H019	MTFR1L	MTFR1L,FAM54B,HYST1888,MSTP116
Q9H063	MAF1	MAF1
Q9H089	LSG1	LSG1
Q9H0A0	NAT10	NAT10,ALP,KIAA1709
Q9H0B6	KLC2	KLC2
Q9H0C5	BTBD1	BTBD1,C15orf1,NS5ATP8
Q9H0C8	ILKAP	ILKAP
Q9H0D6	XRN2	XRN2
Q9H0E3	SAP130	SAP130
Q9H0F6	SHARPIN	SHARPIN,SIPL1,PSEC0216
Q9H0G5	NSRP1	NSRP1,CCDC55,NSRP70
Q9H0H5	RACGAP1	RACGAP1,KIAA1478,MGCRACGAP
Q9H0S4	DDX47	DDX47
Q9H0W8	SMG9	SMG9,C19orf61
Q9H0X4	FAM234A	FAM234A,C16orf9,ITFG3
Q9H116	GZF1	GZF1,ZBTB23,ZNF336
Q9H165	BCL11A	BCL11A,CTIP1,EVI9,KIAA1809,ZNF856
Q9H190	SDCBP2	SDCBP2,SITAC18
Q9H1A4	ANAPC1	ANAPC1,TSG24
Q9H1B7	IRF2BPL	IRF2BPL,C14orf4,EAP1,KIAA1865,My039
Q9H1E3	NUCKS1	NUCKS1,NUCKS,JC7
Q9H1H9	KIF13A	KIF13A,RBKIN
Q9H1J1	UPF3A	UPF3A,RENT3A,UPF3
Q9H1K0	RBSN	RBSN,ZFYVE20
Q9H1K1	ISCU	ISCU,NIFUN
Q9H1Z4	WDR13	WDR13
Q9H201	EPN3	EPN3
Q9H246	C1orf21	C1orf21,PIG13
Q9H254	SPTBN4	SPTBN4,KIAA1642,SPTBN3
Q9H2G2	SLK	SLK,KIAA0204,STK2
Q9H2H9	SLC38A1	SLC38A1,ATA1,NAT2,SAT1,SNAT1
Q9H2I8	LRMDA	LRMDA,C10orf11,CDA017
Q9H2K8	TAOK3	TAOK3,DPK,JIK,KDS,MAP3K18
Q9H2P0	ADNP	ADNP,ADNP1,KIAA0784
Q9H2U2	PPA2	PPA2,HSPC124
Q9H2Y7	ZNF106	ZNF106,SH3BP3,ZFP106,ZNF474
Q9H307	PNN	PNN,DRS,MEMA
Q9H330	TMEM245	TMEM245,C9orf5
Q9H3C7	GGNBP2	GGNBP2,LCRG1,LZK1,ZNF403
Q9H3N1	TMX1	TMX1,TMX,TXNDC,TXNDC1,PSEC0085,UNQ235/PRO268
Q9H3P2	NELFA	NELFA,WHSC2,P/OKcl.15
Q9H3Q1	CDC42EP4	CDC42EP4,BORG4,CEP4
Q9H3U1	UNC45A	UNC45A,SMAP1
Q9H3Z4	DNAJC5	DNAJC5,CLN4
Q9H410	DSN1	DSN1,C20orf172,MIS13
Q9H425	C1orf198	C1orf198
Q9H426	RIMS4	RIMS4,C20orf190
Q9H444	CHMP4B	CHMP4B,C20orf178,SHAX1
Q9H4A3	WNK1	WNK1,HSN2,KDP,KIAA0344,PRKWNK1
Q9H4A4	RNPEP	RNPEP,APB
Q9H4A6	GOLPH3	GOLPH3,GPP34
Q9H4G0	EPB41L1	EPB41L1,KIAA0338
Q9H4L4	SENP3	SENP3,SSP3,SUSP3
Q9H4L5	OSBPL3	OSBPL3,KIAA0704,ORP3,OSBP3
Q9H4L7	SMARCAD1	SMARCAD1,KIAA1122
Q9H4M7	PLEKHA4	PLEKHA4,PEPP1
Q9H4X1	RGCC	RGCC,C13orf15,RGC32
Q9H4Z3	PCIF1	PCIF1,C20orf67,CAPAM,PPP1R121
Q9H501	ESF1	ESF1,ABTAP,C20orf6,HDCMC28P
Q9H5H4	ZNF768	ZNF768
Q9H5J8	TAF1D	TAF1D,JOSD3
Q9H5N1	RABEP2	RABEP2,RABPT5B
Q9H6F5	CCDC86	CCDC86,CYCLON
Q9H6H4	REEP4	REEP4,C8orf20,PP432
Q9H6K1	ILRUN	ILRUN,C6orf106
Q9H6R4	NOL6	NOL6
Q9H6S0	YTHDC2	YTHDC2
Q9H6S3	EPS8L2	EPS8L2,EPS8R2,PP13181
Q9H6Y2	WDR55	WDR55
Q9H6Z4	RANBP3	RANBP3
Q9H788	SH2D4A	SH2D4A,PPP1R38,SH2A
Q9H792	PEAK1	PEAK1,KIAA2002
Q9H7D0	DOCK5	DOCK5
Q9H7D7	WDR26	WDR26,CDW2,MIP2,PRO0852
Q9H7E9	C8orf33	C8orf33
Q9H7F0	ATP13A3	ATP13A3,AFURS1
Q9H7L9	SUDS3	SUDS3,SAP45,SDS3
Q9H7N4	SCAF1	SCAF1,SFRS19,SRA1
Q9H7S9	ZNF703	ZNF703,ZEPPO1,ZPO1
Q9H7Z6	KAT8	KAT8,MOF,MYST1,PP7073
Q9H8E8	KAT14	KAT14,CSRP2BP
Q9H8G2	CAAP1	CAAP1,C9orf82,CAAP
Q9H8M2	BRD9	BRD9,UNQ3040/PRO9856
Q9H8M9	EVA1A	EVA1A,FAM176A,TMEM166,SP24
Q9H8N7	ZNF395	ZNF395,HDBP2,PBF
Q9H8T0	AKTIP	AKTIP,FTS
Q9H8V3	ECT2	ECT2
Q9H8Y5	ANKZF1	ANKZF1,ZNF744
Q9H8Y8	GORASP2	GORASP2,GOLPH6
Q9H910	JPT2	JPT2,C16orf34,HN1L,L11
Q9H9C1	VIPAS39	VIPAS39,C14orf133,SPE39,VIPAR
Q9H9D4	ZNF408	ZNF408,PFM14,PRDM17
Q9H9E3	COG4	COG4
Q9H9J4	USP42	USP42
Q9HAN9	NMNAT1	NMNAT1,NMNAT
Q9HAP2	MLXIP	MLXIP,BHLHE36,KIAA0867,MIR,MONDOA
Q9HAS0	C17orf75	C17orf75
Q9HAU0	PLEKHA5	PLEKHA5,KIAA1686,PEPP2
Q9HAW0	BRF2	BRF2,BRFU,PRO1470
Q9HAW4	CLSPN	CLSPN
Q9HAZ1	CLK4	CLK4
Q9HB19	PLEKHA2	PLEKHA2,TAPP2
Q9HB20	PLEKHA3	PLEKHA3,FAPP1
Q9HB58	SP110	SP110
Q9HB90	RRAGC	RRAGC
Q9HB96	FANCE	FANCE,FACE
Q9HBB8	CDHR5	CDHR5,MUCDHL,MUPCDH,UNQ2781/PRO7168
Q9HC35	EML4	EML4,C2orf2,EMAPL4
Q9HC44	GPBP1L1	GPBP1L1,SP192
Q9HC52	CBX8	CBX8,PC3,RC1
Q9HCD5	NCOA5	NCOA5,KIAA1637
Q9HCD6	TANC2	TANC2,KIAA1148,KIAA1636
Q9HCE1	MOV10	MOV10,KIAA1631
Q9HCG8	CWC22	CWC22,KIAA1604,NCM
Q9HCH5	SYTL2	SYTL2,KIAA1597,SGA72M,SLP2,SLP2A
Q9HCJ0	TNRC6C	TNRC6C,KIAA1582
Q9HCK8	CHD8	CHD8,HELSNF1,KIAA1564
Q9HCM4	EPB41L5	EPB41L5,KIAA1548
Q9HCM7	FBRSL1	FBRSL1,AUTS2L,KIAA1545,XTP9
Q9HCN4	GPN1	GPN1,MBDIN,RPAP4,XAB1,HUSSY-23
Q9HD20	ATP13A1	ATP13A1,ATP13A,KIAA1825,CGI-152
Q9HDC5	JPH1	JPH1,JP1
Q9HDC9	APMAP	APMAP,C20orf3,UNQ1869/PRO4305
Q9NP66	HMG20A	HMG20A,HMGX1,HMGXB1
Q9NP87	POLM	POLM,polmu
Q9NPB8	GPCPD1	GPCPD1,GDE5,KIAA1434
Q9NPE2	NGRN	NGRN,FI58G,HT020
Q9NPF5	DMAP1	DMAP1,KIAA1425
Q9NPG3	UBN1	UBN1
Q9NPI1	BRD7	BRD7,BP75,CELTIX1
Q9NPI6	DCP1A	DCP1A,SMIF
Q9NPQ8	RIC8A	RIC8A
Q9NPR2	SEMA4B	SEMA4B,KIAA1745,SEMAC,UNQ749/PRO1480
Q9NQ29	LUC7L	LUC7L,LUC7L1
Q9NQ55	PPAN	PPAN,BXDC3,SSF1
Q9NQ84	GPRC5C	GPRC5C,RAIG3,PSEC0087
Q9NQ92	COPRS	COPRS,C17orf79,COPR5
Q9NQB0	TCF7L2	TCF7L2,TCF4
Q9NQC3	RTN4	RTN4,KIAA0886,NOGO,My043,SP1507
Q9NQG5	RPRD1B	RPRD1B,C20orf77,CREPT
Q9NQG6	MIEF1	MIEF1,MID51,SMCR7L
Q9NQP4	PFDN4	PFDN4,PFD4
Q9NQQ7	SLC35C2	SLC35C2,C20orf5,OVCOV1,CGI-15
Q9NQS1	AVEN	AVEN
Q9NQS7	INCENP	INCENP
Q9NQT8	KIF13B	KIF13B,GAKIN,KIAA0639
Q9NQU5	PAK6	PAK6,PAK5
Q9P286	PAK5	PAK5,KIAA1264,PAK7
Q9NQW6	ANLN	ANLN
Q9NQX3	GPHN	GPHN,GPH,KIAA1385
Q9NQZ2	UTP3	UTP3,CRLZ1,SAS10
Q9NR09	BIRC6	BIRC6,KIAA1289
Q9NR19	ACSS2	ACSS2,ACAS2
Q9NR30	DDX21	DDX21
Q9NR33	POLE4	POLE4
Q9NR45	NANS	NANS,SAS
Q9NRA0	SPHK2	SPHK2,SK2
Q9NRA8	EIF4ENIF1	EIF4ENIF1
Q9NRF8	CTPS2	CTPS2
Q9NRG0	CHRAC1	CHRAC1,CHRAC15
Q9NRG9	AAAS	AAAS,ADRACALA,GL003
Q9NRL2	BAZ1A	BAZ1A,ACF1,WCRF180,HSPC317
Q9NRL3	STRN4	STRN4,ZIN
Q9NRS6	SNX15	SNX15
Q9NRX5	SERINC1	SERINC1,KIAA1253,TDE1L,TDE2,UNQ396/PRO732
Q9NRY4	ARHGAP35	ARHGAP35,GRF1,GRLF1,KIAA1722,P190A,p190ARHOGAP
Q9NRZ9	HELLS	HELLS,PASG,SMARCA6,Nbla10143
Q9NS56	TOPORS	TOPORS,LUN,TP53BPL
Q9NS69	TOMM22	TOMM22,TOM22
Q9NS87	KIF15	KIF15,KLP2,KNSL7
Q9NS91	RAD18	RAD18,RNF73
Q9NSI2	SLX9	SLX9,C21orf70,FAM207A,PRED56
Q9NSI6	BRWD1	BRWD1,C21orf107,WDR9
Q9NSK0	KLC4	KLC4,KNSL8
Q9NSY0	NRBP2	NRBP2,PP9320,TRG16
Q9NSY1	BMP2K	BMP2K,BIKE,HRIHFB2017
Q9NTI5	PDS5B	PDS5B,APRIN,AS3,KIAA0979
Q9NTJ3	SMC4	SMC4,CAPC,SMC4L1
Q9NTZ6	RBM12	RBM12,KIAA0765,HRIHFB2091
Q9NU22	MDN1	MDN1,KIAA0301
Q9NUJ3	TCP11L1	TCP11L1
Q9NUL3	STAU2	STAU2
Q9NUQ3	TXLNG	TXLNG,CXorf15,ELRG,LSR5
Q9NUQ6	SPATS2L	SPATS2L,DNAPTP6,SP1224
Q9NV56	MRGBP	MRGBP,C20orf20
Q9NV70	EXOC1	EXOC1,SEC3,SEC3L1,BM-012
Q9NV88	INTS9	INTS9,RC74
Q9NVA2	SEPTIN11	SEPTIN11,SEPT11
Q9NVD7	PARVA	PARVA,MXRA2
Q9NVE5	USP40	USP40
Q9NVE7	PANK4	PANK4
Q9NVI1	FANCI	FANCI,KIAA1794
Q9NVM6	DNAJC17	DNAJC17
Q9NVM9	INTS13	INTS13,ASUN,C12orf11,GCT1
Q9NVR2	INTS10	INTS10,C8orf35
Q9NVU7	SDAD1	SDAD1,NUC130
Q9NVW2	RLIM	RLIM,RNF12
Q9NW68	BSDC1	BSDC1,UNQ2494/PRO5781
Q9NW75	GPATCH2	GPATCH2,GPATC2
Q9NW82	WDR70	WDR70
Q9NWA0	MED9	MED9,MED25
Q9NWB6	ARGLU1	ARGLU1
Q9NWH9	SLTM	SLTM,MET
Q9NWK9	ZNHIT6	ZNHIT6,BCD1,C1orf181
Q9NWV8	BABAM1	BABAM1,C19orf62,MERIT40,NBA1,HSPC142
Q9NWW5	CLN6	CLN6
Q9NWZ5	UCKL1	UCKL1,URKL1,F538
Q9NX40	OCIAD1	OCIAD1,ASRIJ,OCIA
Q9NX63	CHCHD3	CHCHD3,MIC19,MINOS3
Q9NX95	SYBU	SYBU,GOLSYN,KIAA1472
Q9NXC5	MIOS	MIOS
Q9NXG2	THUMPD1	THUMPD1
Q9NXH9	TRMT1	TRMT1
Q9NXR1	NDE1	NDE1,NUDE
Q9NXV6	CDKN2AIP	CDKN2AIP,CARF
Q9NY27	PPP4R2	PPP4R2,SBBI57
Q9NYA4	MTMR4	MTMR4,KIAA0647,ZFYVE11
Q9NYB0	TERF2IP	TERF2IP,DRIP5,RAP1,PP8000
Q9NYB9	ABI2	ABI2,ARGBPIA
Q9NYF3	FAM53C	FAM53C,C5orf6
Q9NYF8	BCLAF1	BCLAF1,BTF,KIAA0164
Q9NYL2	MAP3K20	MAP3K20,MLTK,ZAK,HCCS4
Q9NYM9	BET1L	BET1L,GS15
Q9NYV4	CDK12	CDK12,CRK7,CRKRS,KIAA0904
Q9NYZ3	GTSE1	GTSE1
Q9NZ09	UBAP1	UBAP1,NAG20
Q9NZ32	ACTR10	ACTR10,ACTR11,ARP10,ARP11
Q9NZ52	GGA3	GGA3,KIAA0154
Q9NZ63	C9orf78	C9orf78,HCA59
Q9NZB2	FAM120A	FAM120A,C9orf10,KIAA0183,OSSA
Q9NZD8	SPG21	SPG21,ACP33,BM-019,GL010
Q9NZL4	HSPBP1	HSPBP1,HSPBP,PP1845
Q9NZM3	ITSN2	ITSN2,KIAA1256,SH3D1B,SWAP
Q9NZM4	BICRA	BICRA,GLTSCR1
Q9NZN5	ARHGEF12	ARHGEF12,KIAA0382,LARG
Q9NZN8	CNOT2	CNOT2,CDC36,NOT2,HSPC131,MSTP046
Q9NZT2	OGFR	OGFR
Q9P035	HACD3	HACD3,BIND1,PTPLAD1
Q9P0B6	CCDC167	CCDC167,C6orf129,HSPC265
Q9P0J7	KCMF1	KCMF1,FIGC,ZZZ1
Q9P0V3	SH3BP4	SH3BP4,BOG25,EHB10,TTP
Q9P107	GMIP	GMIP
Q9P1Y5	CAMSAP3	CAMSAP3,KIAA1543
Q9P1Y6	PHRF1	PHRF1,KIAA1542
Q9P206	KIAA1522	KIAA1522
Q9P219	CCDC88C	CCDC88C,DAPLE,KIAA1509
Q9P246	STIM2	STIM2,KIAA1482
Q9P260	RELCH	RELCH,KIAA1468
Q9P265	DIP2B	DIP2B,KIAA1463
Q9P266	JCAD	JCAD,KIAA1462
Q9P270	SLAIN2	SLAIN2,KIAA1458
Q9P275	USP36	USP36,KIAA1453
Q9P287	BCCIP	BCCIP,TOK1
Q9P289	STK26	STK26,MASK,MST4
Q9P2B4	CTTNBP2NL	CTTNBP2NL,KIAA1433
Q9P2B7	CFAP97	CFAP97,KIAA1430
Q9P2D0	IBTK	IBTK,BTKI,KIAA1417
Q9P2D1	CHD7	CHD7,KIAA1416
Q9P2D3	HEATR5B	HEATR5B,KIAA1414,p200,p200a
Q9P2E9	RRBP1	RRBP1,KIAA1398
Q9P2F8	SIPA1L2	SIPA1L2,KIAA1389
Q9P2G1	ANKIB1	ANKIB1,KIAA1386
Q9P2I0	CPSF2	CPSF2,CPSF100,KIAA1367
Q9P2K3	RCOR3	RCOR3,KIAA1343
Q9P2K5	MYEF2	MYEF2,KIAA1341
Q9P2K8	EIF2AK4	EIF2AK4,GCN2,KIAA1338
Q9P2M4	TBC1D14	TBC1D14,KIAA1322
Q9P2M7	CGN	CGN,KIAA1319
Q9P2N5	RBM27	RBM27,KIAA1311
Q9P2P5	HECW2	HECW2,KIAA1301,NEDL2
Q9P2R6	RERE	RERE,ARG,ARP,ATN1L,KIAA0458
Q9UBB9	TFIP11	TFIP11,STIP,HSPC006
Q9UBC2	EPS15L1	EPS15L1,EPS15R
Q9UBF8	PI4KB	PI4KB,PIK4CB
Q9UBL3	ASH2L	ASH2L,ASH2L1
Q9UBM7	DHCR7	DHCR7,D7SR
Q9UBN7	HDAC6	HDAC6,KIAA0901,JM21
Q9UBS8	RNF14	RNF14,ARA54,HRIHFB2038
Q9UBU7	DBF4	DBF4,ASK,DBF4A,ZDBF1
Q9UBW7	ZMYM2	ZMYM2,FIM,RAMP,ZNF198
Q9UD71	PPP1R1B	PPP1R1B,DARPP32
Q9UDT6	CLIP2	CLIP2,CYLN2,KIAA0291,WBSCR3,WBSCR4,WSCR4
Q9UDY2	TJP2	TJP2,X104,ZO2
Q9UEE9	CFDP1	CFDP1,BCNT,CENP-29
Q9UEG4	ZNF629	ZNF629,KIAA0326,ZNF65
Q9UER7	DAXX	DAXX,BING2,DAP6
Q9UET6	FTSJ1	FTSJ1,JM23
Q9UEW8	STK39	STK39,SPAK
Q9UEY8	ADD3	ADD3,ADDL
Q9UFC0	LRWD1	LRWD1,CENP-33,ORCA
Q9UGK3	STAP2	STAP2,BKS
Q9UGP4	LIMD1	LIMD1
Q9UGR2	ZC3H7B	ZC3H7B,KIAA1031
Q9UGU0	TCF20	TCF20,KIAA0292,SPBP
Q9UGU5	HMGXB4	HMGXB4,HMG2L1,HMGBCG
Q9UGV2	NDRG3	NDRG3
Q9UGY1	NOL12	NOL12
Q9UH62	ARMCX3	ARMCX3,ALEX3,BM-017,UNQ2517/PRO6007
Q9UHB6	LIMA1	LIMA1,EPLIN,SREBP3,PP624
Q9UHB7	AFF4	AFF4,AF5Q31,MCEF,HSPC092
Q9UHD1	CHORDC1	CHORDC1,CHP1
Q9UHD8	SEPTIN9	SEPTIN9,KIAA0991,MSF,SEPT9
Q9UHI6	DDX20	DDX20,DP103,GEMIN3
Q9UHK0	NUFIP1	NUFIP1
Q9UHL9	GTF2IRD1	GTF2IRD1,CREAM1,GTF3,MUSTRD1,RBAP2,WBSCR11,WBSCR12
Q9UHR4	BAIAP2L1	BAIAP2L1,IRTKS
Q9UHR5	SAP30BP	SAP30BP,HCNGP,HTRG,HTRP
Q9UHV7	MED13	MED13,ARC250,KIAA0593,THRAP1,TRAP240
Q9UHY1	NRBP1	NRBP1,BCON3,NRBP
Q9UI10	EIF2B4	EIF2B4,EIF2BD
Q9UI36	DACH1	DACH1,DACH
Q9UID3	VPS51	VPS51,ANG2,C11orf2,C11orf3,FFR,PP5382
Q9UID6	ZNF639	ZNF639,ZASC1
Q9UIF8	BAZ2B	BAZ2B,KIAA1476
Q9UIF9	BAZ2A	BAZ2A,KIAA0314,TIP5
Q9UIG0	BAZ1B	BAZ1B,WBSC10,WBSCR10,WBSCR9,WSTF
Q9UIK4	DAPK2	DAPK2
Q9UIS9	MBD1	MBD1,CXXC3,PCM1
Q9UJ41	RABGEF1	RABGEF1,RABEX5
Q9UJ70	NAGK	NAGK
Q9UJF2	RASAL2	RASAL2,NGAP
Q9UJM3	ERRFI1	ERRFI1,MIG6
Q9UJU6	DBNL	DBNL,CMAP,SH3P7,PP5423
Q9UJX2	CDC23	CDC23,ANAPC8
Q9UJX6	ANAPC2	ANAPC2,APC2,KIAA1406
Q9UK58	CCNL1	CCNL1,BM-001,UNQ530/PRO1073
Q9UK59	DBR1	DBR1
Q9UK61	TASOR	TASOR,C3orf63,FAM208A,KIAA1105
Q9UK76	JPT1	JPT1,ARM2,HN1
Q9UKA4	AKAP11	AKAP11,AKAP220,KIAA0629
Q9UKE5	TNIK	TNIK,KIAA0551
Q9UKG1	APPL1	APPL1,APPL,DIP13A,KIAA1428
Q9UKJ3	GPATCH8	GPATCH8,GPATC8,KIAA0553
Q9UKK3	PARP4	PARP4,ADPRTL1,KIAA0177,PARPL
Q9UKL0	RCOR1	RCOR1,KIAA0071,RCOR
Q9UKM9	RALY	RALY,HNRPCL2,P542
Q9UKN8	GTF3C4	GTF3C4
Q9UKS6	PACSIN3	PACSIN3
Q9UKT5	FBXO4	FBXO4,FBX4
Q9UKV3	ACIN1	ACIN1,ACINUS,KIAA0670
Q9UKV8	AGO2	AGO2,EIF2C2
Q9UKX7	NUP50	NUP50,NPAP60L,PRO1146
Q9UKY7	CDV3	CDV3,H41
Q9ULD2	MTUS1	MTUS1,ATBP,ATIP,GK1,KIAA1288,MTSG1
Q9ULD9	ZNF608	ZNF608,KIAA1281
Q9ULE6	PALD1	PALD1,KIAA1274,PALD
Q9ULF5	SLC39A10	SLC39A10,KIAA1265,ZIP10
Q9ULH1	ASAP1	ASAP1,DDEF1,KIAA1249,PAG2
Q9ULH7	MRTFB	MRTFB,KIAA1243,MKL2
Q9ULJ3	ZBTB21	ZBTB21,KIAA1227,ZNF295
Q9ULJ8	PPP1R9A	PPP1R9A,KIAA1222
Q9ULL5	PRR12	PRR12,KIAA1205
Q9ULL8	SHROOM4	SHROOM4,KIAA1202,SHAP
Q9ULM3	YEATS2	YEATS2,KIAA1197
Q9ULP9	TBC1D24	TBC1D24,KIAA1171
Q9ULR3	PPM1H	PPM1H,ARHCL1,KIAA1157,URCC2
Q9ULS5	TMCC3	TMCC3,KIAA1145
Q9ULT8	HECTD1	HECTD1,KIAA1131
Q9ULU4	ZMYND8	ZMYND8,KIAA1125,PRKCBP1,RACK7
Q9ULU8	CADPS	CADPS,CAPS,CAPS1,KIAA1121
Q9ULV3	CIZ1	CIZ1,LSFR1,NP94,ZNF356
Q9ULW0	TPX2	TPX2,C20orf1,C20orf2,DIL2,HCA519
Q9ULX3	NOB1	NOB1,ART4,NOB1P,PSMD8BP1,MSTP158
Q9ULX6	AKAP8L	AKAP8L,NAKAP,NAKAP95,HRIHFB2018
Q9UM00	TMCO1	TMCO1,TMCC4,PNAS-10,PNAS-136,UNQ151/PRO177
Q9UM54	MYO6	MYO6,KIAA0389
Q9UMD9	COL17A1	COL17A1,BP180,BPAG2
Q9UMN6	KMT2B	KMT2B,HRX2,KIAA0304,MLL2,MLL4,TRX2,WBP7
Q9UMZ2	SYNRG	SYNRG,AP1GBP1,SYNG
Q9UN36	NDRG2	NDRG2,KIAA1248,SYLD
Q9UN86	G3BP2	G3BP2,KIAA0660
Q9UNE0	EDAR	EDAR,DL
Q9UNE7	STUB1	STUB1,CHIP,PP1131
Q9UNF1	MAGED2	MAGED2,BCG1
Q9UNN5	FAF1	FAF1,UBXD12,UBXN3A,CGI-03
Q9UNS1	TIMELESS	TIMELESS,TIM,TIM1,TIMELESS1
Q9UNW1	MINPP1	MINPP1,MIPP,UNQ900/PRO1917
Q9UNZ2	NSFL1C	NSFL1C,UBXN2C
Q9UP83	COG5	COG5,GOLTC1,GTC90
Q9UPM6	LHX6	LHX6,LHX6.1
Q9UPN3	MACF1	MACF1,ABP620,ACF7,KIAA0465,KIAA0754,KIAA1251
Q9UPN4	CEP131	CEP131,AZI1,KIAA1118
Q9UPN6	SCAF8	SCAF8,CCAP7,KIAA1116,RBM16
Q9UPN7	PPP6R1	PPP6R1,KIAA1115,PP6R1,SAPS1
Q9UPN9	TRIM33	TRIM33,KIAA1113,RFG7,TIF1G
Q9UPP1	PHF8	PHF8,KIAA1111,ZNF422
Q9UPQ0	LIMCH1	LIMCH1,KIAA1102
Q9UPT6	MAPK8IP3	MAPK8IP3,JIP3,KIAA1066
Q9UPT8	ZC3H4	ZC3H4,C19orf7,KIAA1064
Q9UPU5	USP24	USP24,KIAA1057
Q9UPU7	TBC1D2B	TBC1D2B,KIAA1055
Q9UPU9	SAMD4A	SAMD4A,KIAA1053,SAMD4,SMAUG1
Q9UPW0	FOXJ3	FOXJ3,KIAA1041
Q9UPW6	SATB2	SATB2,KIAA1034
Q9UPX8	SHANK2	SHANK2,CORTBP1,KIAA1022,PROSAP1
Q9UQ16	DNM3	DNM3,KIAA0820
Q9UQ35	SRRM2	SRRM2,KIAA0324,SRL300,SRM300,HSPC075
Q9UQ80	PA2G4	PA2G4,EBP1
Q9UQ88	CDK11A	CDK11A,CDC2L2,CDC2L3,PITSLREB
Q9UQB8	BAIAP2	BAIAP2
Q9UQC2	GAB2	GAB2,KIAA0571
Q9UQE7	SMC3	SMC3,BAM,BMH,CSPG6,SMC3L1
Q9UQN3	CHMP2B	CHMP2B,CGI-84
Q9UQR0	SCML2	SCML2
Q9UQR1	ZNF148	ZNF148,ZBP89
Q9Y217	MTMR6	MTMR6
Q9Y222	DMTF1	DMTF1,DMP1
Q9Y232	CDYL	CDYL,CDYL1
Q9Y248	GINS2	GINS2,PSF2,CGI-122,DC5,HSPC037
Q9Y261	FOXA2	FOXA2,HNF3B,TCF3B
Q9Y266	NUDC	NUDC
Q9Y281	CFL2	CFL2
Q9Y294	ASF1A	ASF1A,CGI-98,HSPC146
Q9Y2D5	AKAP2	AKAP2,KIAA0920,PRKA2
Q9Y2D8	SSX2IP	SSX2IP,KIAA0923
Q9Y2D9	ZNF652	ZNF652,KIAA0924
Q9Y2F5	ICE1	ICE1,KIAA0947
Q9Y2G4	ANKRD6	ANKRD6,KIAA0957
Q9Y2H0	DLGAP4	DLGAP4,DAP4,KIAA0964,SAPAP4
Q9Y2H2	INPP5F	INPP5F,KIAA0966,SAC2,MSTP007,MSTP047
Q9Y2H5	PLEKHA6	PLEKHA6,KIAA0969,PEPP3
Q9Y2I7	PIKFYVE	PIKFYVE,KIAA0981,PIP5K3
Q9Y2J2	EPB41L3	EPB41L3,DAL1,KIAA0987
Q9Y2K2	SIK3	SIK3,KIAA0999,QSK,L19
Q9Y2K5	R3HDM2	R3HDM2,KIAA1002
Q9Y2K6	USP20	USP20,KIAA1003,LSFR3A,VDU2
Q9Y2K7	KDM2A	KDM2A,CXXC8,FBL11,FBL7,FBXL11,JHDM1A,KIAA1004
Q9Y2L1	DIS3	DIS3,KIAA1008,RRP44
Q9Y2L9	LRCH1	LRCH1,CHDC1,KIAA1016
Q9Y2T1	AXIN2	AXIN2
Q9Y2T7	YBX2	YBX2,CSDA3,MSY2
Q9Y2U5	MAP3K2	MAP3K2,MAPKKK2,MEKK2
Q9Y2V2	CARHSP1	CARHSP1
Q9Y2W1	THRAP3	THRAP3,BCLAF2,TRAP150
Q9Y2W2	WBP11	WBP11,NPWBP,SIPP1,SNP70
Q9Y2X3	NOP58	NOP58,NOL5,NOP5,HSPC120
Q9Y2X7	GIT1	GIT1
Q9Y2Y9	KLF13	KLF13,BTEB3,NSLP1
Q9Y2Z0	SUGT1	SUGT1
Q9Y320	TMX2	TMX2,TXNDC14,CGI-31,My009,PIG26,PSEC0045,UNQ237/PRO270
Q9Y365	STARD10	STARD10,SDCCAG28,CGI-52
Q9Y383	LUC7L2	LUC7L2,CGI-59,CGI-74
Q9Y385	UBE2J1	UBE2J1,NCUBE1,CGI-76,HSPC153,HSPC205
Q9Y388	RBMX2	RBMX2,CGI-79
Q9Y3B9	RRP15	RRP15,KIAA0507,CGI-115
Q9Y3D3	MRPS16	MRPS16,RPMS16,CGI-132
Q9Y3E7	CHMP3	CHMP3,CGI149,NEDF,VPS24,CGI-149
Q9Y3L3	SH3BP1	SH3BP1
Q9Y3M8	STARD13	STARD13,DLC2,GT650
Q9Y3P9	RABGAP1	RABGAP1,HSPC094
Q9Y3Q8	TSC22D4	TSC22D4,THG1,TILZ2
Q9Y3R0	GRIP1	GRIP1
Q9Y3R5	DOP1B	DOP1B,C21orf5,DOPEY2,KIAA0933
Q9Y3S1	WNK2	WNK2,KIAA1760,PRKWNK2,SDCCAG43,P/OKcl.13
Q9Y3T9	NOC2L	NOC2L,NIR
Q9Y3X0	CCDC9	CCDC9
Q9Y3Z3	SAMHD1	SAMHD1,MOP5
Q9Y446	PKP3	PKP3
Q9Y450	HBS1L	HBS1L,HBS1,KIAA1038
Q9Y478	PRKAB1	PRKAB1,AMPK
Q9Y485	DMXL1	DMXL1,XL1
Q9Y487	ATP6V0A2	ATP6V0A2
Q9Y490	TLN1	TLN1,KIAA1027,TLN
Q9Y4A5	TRRAP	TRRAP,PAF400
Q9Y4B4	RAD54L2	RAD54L2,ARIP4,KIAA0809
Q9Y4B5	MTCL1	MTCL1,CCDC165,KIAA0802,SOGA2
Q9Y4B6	DCAF1	DCAF1,KIAA0800,RIP,VPRBP
Q9Y4C1	KDM3A	KDM3A,JHDM2A,JMJD1,JMJD1A,KIAA0742,TSGA
Q9Y4D8	HECTD4	HECTD4,C12orf51,KIAA0614
Q9Y4E1	WASHC2C	WASHC2C,FAM21C,KIAA0592,VPEF
Q9Y4E5	ZNF451	ZNF451,COASTER,KIAA0576,KIAA1702
Q9Y4E6	WDR7	WDR7,KIAA0541,TRAG
Q9Y4E8	USP15	USP15,KIAA0529
Q9Y4F1	FARP1	FARP1,CDEP,PLEKHC2
Q9Y4F3	MARF1	MARF1,KIAA0430,LKAP
Q9Y4F5	CEP170B	CEP170B,FAM68C,KIAA0284
Q9Y4G6	TLN2	TLN2,KIAA0320
Q9Y4G8	RAPGEF2	RAPGEF2,KIAA0313,NRAPGEP,PDZGEF1
Q9Y4H2	IRS2	IRS2
Q9Y4I1	MYO5A	MYO5A,MYH12
Q9Y4K1	CRYBG1	CRYBG1,AIM1
Q9Y4K4	MAP4K5	MAP4K5
Q9Y4P1	ATG4B	ATG4B,APG4B,AUTL1,KIAA0943
Q9Y4P8	WIPI2	WIPI2,CGI-50
Q9Y4W2	LAS1L	LAS1L,MSTP060
Q9Y4X0	AMMECR1	AMMECR1
Q9Y4X4	KLF12	KLF12,AP2REP,HSPC122
Q9Y520	PRRC2C	PRRC2C,BAT2D1,BAT2L2,KIAA1096,XTP2
Q9Y570	PPME1	PPME1,PME1,PP2593,PRO0750
Q9Y572	RIPK3	RIPK3,RIP3
Q9Y597	KCTD3	KCTD3
Q9Y5B0	CTDP1	CTDP1,FCP1
Q9Y5B6	PAXBP1	PAXBP1,C21orf66,GCFC,GCFC1
Q9Y5J1	UTP18	UTP18,WDR50,CDABP0061,CGI-48
Q9Y5K3	PCYT1B	PCYT1B,CCTB
Q9Y5K6	CD2AP	CD2AP
Q9Y5N6	ORC6	ORC6,ORC6L
Q9Y5P4	CERT1	CERT1,CERT,COL4A3BP,STARD11
Q9Y5Q9	GTF3C3	GTF3C3
Q9Y5S2	CDC42BPB	CDC42BPB,KIAA1124
Q9Y5S9	RBM8A	RBM8A,RBM8,HSPC114,MDS014
Q9Y5T5	USP16	USP16,MSTP039
Q9Y5U2	TSSC4	TSSC4
Q9Y5Y0	FLVCR1	FLVCR1,FLVCR
Q9Y5Y5	PEX16	PEX16
Q9Y5Z4	HEBP2	HEBP2,C6orf34,SOUL
Q9Y606	PUS1	PUS1,PP8985
Q9Y608	LRRFIP2	LRRFIP2
Q9Y613	FHOD1	FHOD1,FHOS,FHOS1
Q9Y617	PSAT1	PSAT1,PSA
Q9Y618	NCOR2	NCOR2,CTG26
Q9Y624	F11R	F11R,JAM1,JCAM,UNQ264/PRO301
Q9Y666	SLC12A7	SLC12A7,KCC4
Q9Y6A5	TACC3	TACC3,ERIC1
Q9Y6D5	ARFGEF2	ARFGEF2,ARFGEP2,BIG2
Q9Y6D6	ARFGEF1	ARFGEF1,ARFGEP1,BIG1
Q9Y6D9	MAD1L1	MAD1L1,MAD1,TXBP181
Q9Y6G9	DYNC1LI1	DYNC1LI1,DNCLI1
Q9Y6I3	EPN1	EPN1
Q9Y6J0	CABIN1	CABIN1,KIAA0330
Q9Y6K9	IKBKG	IKBKG,FIP3,NEMO
Q9Y6M1	IGF2BP2	IGF2BP2,IMP2,VICKZ2
Q9Y6M7	SLC4A7	SLC4A7,BT,NBC2,NBC2B,NBC3,NBCn1,SBC2,SLC4A6
Q9Y6N7	ROBO1	ROBO1,DUTT1
Q9Y6N9	USH1C	USH1C,AIE75
Q9Y6Q6	TNFRSF11A	TNFRSF11A,RANK
Q9Y6Q9	NCOA3	NCOA3,AIB1,BHLHE42,RAC3,TRAM1
Q9Y6R1	SLC4A4	SLC4A4,NBC,NBC1,NBCE1
Q9Y6R4	MAP3K4	MAP3K4,KIAA0213,MAPKKK4,MEKK4,MTK1
Q9Y6R9	CCDC61	CCDC61
Q9Y6X4	FAM169A	FAM169A,KIAA0888
Q9Y6X9	MORC2	MORC2,KIAA0852,ZCWCC1
Q9Y6Y0	IVNS1ABP	IVNS1ABP,ARA3,FLARA3,KIAA0850,KLHL39,NS1,NS1BP,HSPC068
Q9Y6Y8	SEC23IP	SEC23IP,MSTP053
A6NIE6;Q9NYV6	RRN3P2;RRN3	RRN3P2;RRN3,TIFIA
A8MT19;Q8IUC4	RHPN2P1;RHPN2	RHPN2P1;RHPN2
E9PAV3;Q13765	NACA;NACA	NACA;NACA,HSD48
G9CGD6;Q6P9H4	CNK3/IPCEF1;CNKSR3	CNK3/IPCEF1;CNKSR3,MAGI1
O14715;Q99666	RGPD8;RGPD5	RGPD8,RANBP2ALPHA,RANBP2L1,RANBP2L3;RGPD5,RANBP2L1,RGP5,RGP7,RGPD7;,RGPD6,RANBP2L2,RGP6
O14950;P19105	MYL12B;MYL12A	MYL12B,MRLC2,MYLC2B;MYL12A,MLCB,MRLC3,RLC
O15320;Q96PC5	MIA2;MIA2	MIA2,CTAGE5,MEA11,MEA6,MGEA11,MGEA6;MIA2,CTAGE5,MEA11,MEA6,MGEA11,MGEA6
O15530;Q6A1A2	PDPK1;PDPK2P	PDPK1,PDK1;PDPK2P,PDPK2
O60814;P57053;P58876;P62807;Q5QNW6;Q93079;Q99877;Q99879;Q99880	H2BC12;H2BC12L;H2BC5;H2BC4;H2BC18;H2BC9;H2BC15;H2BC14;H2BC13	H2BC12,H2BFT,HIRIP1,HIST1H2BK;H2BC12L,H2BFS,H2BS1;H2BC5,H2BFB,HIRIP2,HIST1H2BD;H2BC4,H2BFL,HIST1H2BC;,H2BC6,H2BFH,HIST1H2BE;,H2BC7,H2BFG,HIST1H2BF;,H2BC8,H2BFA,HIST1H2BG;,H2BC10,H2BFK,HIST1H2BI;H2BC18,HIST2H2BF;H2BC9,H2BFJ,HIST1H2BH;H2BC15,H2BFD,HIST1H2BN;H2BC14,H2BFE,HIST1H2BM;H2BC13,H2BFC,HIST1H2BL
O95997;Q9NZH5	PTTG1;PTTG2	PTTG1,EAP1,PTTG,TUTR1;PTTG2
P04439;P13746;P16188;P30443;P30455	HLA-A;HLA-A;HLA-A;HLA-A;HLA-A	HLA-A,HLAA;HLA-A,HLAA;HLA-A,HLAA;HLA-A,HLAA;HLA-A,HLAA
P0DMV8;P0DMV9	HSPA1A;HSPA1B	HSPA1A,HSP72,HSPA1,HSX70;HSPA1B,HSP72
P12882;Q9UKX2;Q9Y623	MYH1;MYH2;MYH4	MYH1;MYH2,MYHSA2;MYH4
P17612;P22612;P22694	PRKACA;PRKACG;PRKACB	PRKACA,PKACA;PRKACG;PRKACB
P22415;Q15853	USF1;USF2	USF1,BHLHB11,USF;USF2,BHLHB12
P41236;Q6NXS1	PPP1R2;PPP1R2B	PPP1R2,IPP2;PPP1R2B,PPP1R2P3
P53805;Q9UKA8	RCAN1;RCAN3	RCAN1,ADAPT78,CSP1,DSC1,DSCR1;RCAN3,DSCR1L2
P86790;P86791	CCZ1B;CCZ1	CCZ1B,C7orf28B;CCZ1,C7orf28A,CGI-43
Q13627;Q9Y463	DYRK1A;DYRK1B	DYRK1A,DYRK,MNB,MNBH;DYRK1B,MIRK
Q86Z02;Q9H2X6	HIPK1;HIPK2	HIPK1,KIAA0630,MYAK,NBAK2;HIPK2
Q9NQU5;Q9P286	PAK6;PAK5	PAK6,PAK5;PAK5,KIAA1264,PAK7
